city,county,state,country,population
,,,THA,68414135
,,,JPN,126451398
,,,SGP,5888926
,,,NPL,29384297
,,,MYS,31381992
,,,KHM,16204486
,,,LKA,22409381
,,,DEU,80594017
,,,FIN,5491218
,,,ARE,6072475
,,,PHL,104256076
,,,IND,1281935911
,,,SWE,9960487
,,,BEL,11491346
,,,EGY,97041072
,,,LBN,6229794
,,,IRQ,39192111
,,,OMN,3424386
,,,AFG,34124811
,,,BHR,1410942
,,,KWT,2875422
,,,DZA,40969443
,,,HRV,4292095
,,,CHE,8236303
,,,AUT,8754413
,,,ISR,8299706
,,,PAK,204924861
,,,BRA,207353391
,,,GEO,4926330
,,,GRC,10768477
,,,MKD,2103721
,,,NOR,5320045
,,,ROU,21529967
,,,EST,1251581
,,,SMR,33537
,,,BLR,9549747
,,,ISL,339747
,,,LTU,2823859
,,,MEX,124574795
,,,NZL,4510327
,,,NGA,190632261
,,,IRL,5011102
,,,LUX,594130
,,,MCO,30645
,,,QAT,2314307
,,,ECU,16290913
,,,AZE,9961396
,,,ARM,3045191
,,,DOM,10734247
,,,IDN,260580739
,,,PRT,10839514
,,,AND,85702
,,,LVA,1944643
,,,MAR,33986655
,,,SAU,28571770
,,,SEN,14668522
,,,ARG,44293293
,,,CHL,17789267
,,,JOR,10248069
,,,UKR,44033874
,,,HUN,9850845
,,,LIE,38244
,,,POL,38476269
,,,TUN,11403800
,,,BIH,3856181
,,,SVN,1972126
,,,ZAF,54841552
,,,BTN,758288
,,,CMR,24994885
,,,COL,47698524
,,,CRI,4930258
,,,PER,31036656
,,,SRB,7111024
,,,SVK,5445829
,,,TGO,7965055
,,,MLT,416338
,,,MTQ,
,,,BGR,7101510
,,,MDV,392709
,,,BGD,157826578
,,,PRY,6943739
,,,ALB,3047987
,,,CYP,1221549
,,,BRN,443593
,,,BFA,20107509
,,,VAT,1000
,,,MNG,3068243
,,,PAN,3753142
,,Hubei,CHN,59170000
,,,IRN,82021564
,,,KOR,51181299
,,Guangdong,CHN,113460000
,,Henan,CHN,96050000
,,Zhejiang,CHN,57370000
,,Hunan,CHN,68990000
,,Anhui,CHN,63240000
,,Jiangxi,CHN,46480000
,,Shandong,CHN,100470000
,,Jiangsu,CHN,80510000
,,Chongqing,CHN,31020000
,,Sichuan,CHN,83410000
,,Heilongjiang,CHN,37730000
,,,DNK,5605948
,,Beijing,CHN,21540000
,,Shanghai,CHN,24240000
,,Hebei,CHN,75560000
,,Fujian,CHN,39410000
,,Guangxi,CHN,49260000
,,Shaanxi,CHN,38640000
,,Yunnan,CHN,48300000
,,Hainan,CHN,9340000
,,Guizhou,CHN,36000000
,,Tianjin,CHN,15600000
,,Shanxi,CHN,37180000
,,Gansu,CHN,26370000
,,,HKG,7191503
,,Liaoning,CHN,43590000
,,Jilin,CHN,27040000
,,,CZE,10674723
,,Xinjiang,CHN,24870000
,,Inner Mongolia,CHN,25000034
,,Ningxia,CHN,6880000
,,,TWN,23508428
,,,VNM,96160163
,,,RUS,142257519
,,Qinghai,CHN,6030000
,,,MAC,601969
,,,MDA,3474121
,,,BOL,11138234
,,,FRO,50730
,,St Martin,FRA,
,,,HND,9038741
,,Channel Islands,GBR,
,,Tibet,CHN,3440000
,,,COD,83301151
,,,CIV,24184810
,,Saint Barthelemy,FRA,9793
,,,JAM,2990561
,,,TUR,80845215
,,Gibraltar,GBR,32194
,,,CUB,11147407
,,,GUY,737718
,,,GBR,64769452
,,,KAZ,18556698
,,French Polynesia,FRA,
,,,ETH,105350020
,,,SDN,37345935
,,,GIN,12413867
,,,KEN,47615739
,,,ATG,94731
,,,URY,3360148
,,,GHA,27499924
,,,NAM,2484780
,,,SYC,93920
,,,TTO,1218208
,,,VEN,31304016
,,,SWZ,1467152
,,,GAB,1772255
,,,GTM,15460732
,,,MRT,19245344
,,,RWA,11901484
,,,LCA,164994
,,,VCT,102089
,,,SUR,591919
,,French Guiana,FRA,
,,,XKX,1895250
,,,CAF,5625118
,,,COG,4954674
,,,GNQ,778358
,,,UZB,29748859
,,,NLD,17084719
,,,BEN,11038805
,,,LBR,4689021
,,Curacao,NLD,
,,,SOM,7531386
,,,TZA,53950935
,,Cayman Islands,GBR,
,,Reunion,FRA,
,,,BRB,292336
,,,MNE,642550
,,,KGZ,5789122
,,,MUS,1356388
,,Aruba,NLD,
,,,ZMB,15972000
,,,DJI,865267
,,,GMB,2051363
,,Montserrat,GBR,
,,,"Bahamas, The",
,,Greenland,DNK,
,,New Caledonia,FRA,
,,Bermuda,GBR,
,,,TCD,12075985
,,,SLV,6172011
,,,FJI,920938
,,,NIC,6025951
,,,MDG,25054161
,,,HTI,10646714
,,,AGO,29310273
,,,CPV,560899
,,Sint Maarten,NLD,
,,,NER,19245344
,,,PNG,6909701
,,Isle of Man,GBR,
,,,ZWE,13805084
,,,Cape Verde,560899
,,,East Timor,1291358
,,,ERI,5918919
,,,UGA,39570125
,,,DMA,73897
,,,GRD,111724
,,,MOZ,26573706
,,,Syria,18028549
,,,TLS,1291358
,,,GLP,
,,,REU,
,,,GUF,
,,,MYT,
,,,GRL,57713
,,,GUM,167358
,,,GGY,66502
,,,JEY,98840
,,,PRI,3351827
,,,Republic of the Congo,4954674
,,,BHS,329988
,,,The Gambia,2051363
,,Tasmania,AUS,534281
,,Western Australia,AUS,2621680
,,,AUS,23232413
,,British Columbia,CAN,5071000
,,Alberta,CAN,4067175
,,Saskatchewan,CAN,1098352
,,Manitoba,CAN,1278365
,,Ontario,CAN,13448494
,,Quebec,CAN,8164361
,,New Brunswick,CAN,747101
,,Nova Scotia,CAN,923598
,,Prince Edward Island,CAN,142907
,,Newfoundland and Labrador,CAN,519716
,,Yukon,CAN,35874
,,Northwest Territories,CAN,41786
,,Nunavut,CAN,35944
,,Total,CAN,
,Zurich,,CHE,
,,Andalucía,ESP,
,,Aragón,ESP,
,,Principado de Asturias,ESP,
,,Illes Balears,ESP,
,,Canarias,ESP,
,,Cantabria,ESP,
,,Castilla y León,ESP,
,,Castilla-La Mancha,ESP,
,,Cataluña,ESP,
,,Comunidad Valenciana,ESP,
,,Extremadura,ESP,
,,Galicia,ESP,
,,Comunidad de Madrid,ESP,
,,Región de Murcia,ESP,
,,Comunidad Foral de Navarra,ESP,
,,País Vasco,ESP,
,,La Rioja,ESP,
,,Ceuta,ESP,
,,Melilla,ESP,
,,,ESP,48958159
,,La Réunion,FRA,
,,Saint-Barthélemy,FRA,
,,Saint-Martin,FRA,
,,Guadeloupe,FRA,
,,Martinique,FRA,
,,Guyane,FRA,
,,Mayotte,FRA,
,,Ile-de-France,FRA,
,,Centre-Val de Loire,FRA,
,,Bourgogne-Franche-Comté,FRA,
,,Normandie,FRA,
,,Hauts-de-France,FRA,
,,Grand-Est,FRA,
,,Pays de la Loire,FRA,
,,Bretagne,FRA,
,,Nouvelle-Aquitaine,FRA,
,,Occitanie,FRA,
,,Auvergne-Rhône-Alpes,FRA,
,,Provence-Alpes-Côte d’Azur,FRA,
,,Corse,FRA,
,,,FRA,67106161
,,Andhra Pradesh,IND,49577103
,,Bihar,IND,104099452
,,Chhattisgarh,IND,25545198
,,Delhi,IND,16787941
,,Gujarat,IND,60439692
,,Haryana,IND,25351462
,,Himachal Pradesh,IND,6864602
,,Karnataka,IND,61095297
,,Kerala,IND,33406061
,,Madhya Pradesh,IND,72626809
,,Maharashtra,IND,112374333
,,Odisha,IND,41974218
,,Puducherry,IND,1247953
,,Punjab,IND,27743338
,,Rajasthan,IND,68548437
,,Tamil Nadu,IND,72147030
,,Telengana,IND,35003674
,,Chandigarh,IND,1055450
,,Jammu and Kashmir,IND,12267032
,,Ladakh,IND,274000
,,Uttar Pradesh,IND,199812341
,,Uttarakhand,IND,10086292
,,West Bengal,IND,91276115
,,Abruzzo,ITA,1311580
,,Basilicata,ITA,562869
,,P.A. Bolzano,ITA,107436
,,Calabria,ITA,1947131
,,Campania,ITA,5801692
,,Emilia Romagna,ITA,4459477
,,Friuli Venezia Giulia,ITA,1215220
,,Lazio,ITA,5879082
,,Liguria,ITA,1550640
,,Lombardia,ITA,10060574
,,Marche,ITA,1525271
,,Molise,ITA,305617
,,Piemonte,ITA,4356406
,,Puglia,ITA,4029053
,,Sardegna,ITA,1639591
,,Sicilia,ITA,4999891
,,Toscana,ITA,3729641
,,P.A. Trento,ITA,1072276
,,Umbria,ITA,882015
,,Valle d'Aosta,ITA,125666
,,Veneto,ITA,4905854
,,,ITA,62137802
,,AK,USA,731545
,,AL,USA,4903185
,,AR,USA,3017804
,,AZ,USA,7278717
,,CT,USA,3565287
,,DC,USA,705749
,,DE,USA,973764
,,GA,USA,10617423
,,IA,USA,3155070
,,ID,USA,1787065
,,KS,USA,2913314
,,LA,USA,4648794
,,MA,USA,6892503
,,MD,USA,6045680
,,ME,USA,1344212
,,MI,USA,9986857
,,MN,USA,5639632
,,MO,USA,6137428
,,MS,USA,2976149
,,MT,USA,1068778
,,NC,USA,10488084
,,ND,USA,762062
,,NE,USA,1934408
,,NH,USA,1359711
,,NJ,USA,8882190
,,NM,USA,2096829
,,NV,USA,3080156
,,NY,USA,19453561
,,OH,USA,11689100
,,OK,USA,3956971
,,OR,USA,4217737
,,PA,USA,12801989
,,SC,USA,5148714
,,SD,USA,884659
,,TN,USA,6829174
,,TX,USA,28995881
,,UT,USA,3205958
,,VA,USA,8535519
,,VT,USA,623989
,,WA,USA,7614893
,,WI,USA,5822434
,,WV,USA,1792147
,,WY,USA,578759
,,PR,USA,3193694
,,AS,USA,
,,GU,USA,
,,MP,USA,
,,VI,USA,
,,,USA,326625791
,,Australian Capital Territory,AUS,426709
,,New South Wales,AUS,8089526
,,Northern Territory,AUS,245869
,,Queensland,AUS,5095100
,,South Australia,AUS,1751693
,,Victoria,AUS,6594804
,,DE-BB,DEU,3740000
,,DE-BE,DEU,3740000
,,DE-BW,DEU,11020000
,,DE-BY,DEU,13000000
,,DE-HB,DEU,548000
,,DE-HE,DEU,6240000
,,DE-HH,DEU,1822000
,,DE-MV,DEU,1635000
,,DE-NI,DEU,7960000
,,DE-NW,DEU,17910000
,,DE-RP,DEU,4070000
,,DE-SH,DEU,2890000
,,DE-SL,DEU,990000
,,DE-SN,DEU,4080000
,,DE-ST,DEU,2280000
,,DE-TH,DEU,2140000
,Barking and Dagenham,England,GBR,
,Barnet,England,GBR,
,Barnsley,England,GBR,
,Bath and North East Somerset,England,GBR,
,Bedford,England,GBR,
,Bexley,England,GBR,
,Birmingham,England,GBR,
,Blackburn with Darwen,England,GBR,
,Blackpool,England,GBR,
,Bolton,England,GBR,
,"Bournemouth, Christchurch and Poole",England,GBR,
,Bracknell Forest,England,GBR,
,Bradford,England,GBR,
,Brent,England,GBR,
,Brighton and Hove,England,GBR,
,"Bristol, City of",England,GBR,
,Bromley,England,GBR,
,Buckinghamshire,England,GBR,781167
,Bury,England,GBR,
,Calderdale,England,GBR,
,Cambridgeshire,England,GBR,830279
,Camden,England,GBR,
,Central Bedfordshire,England,GBR,
,Cheshire East,England,GBR,
,Cheshire West and Chester,England,GBR,
,Cornwall and Isles of Scilly,England,GBR,
,County Durham,England,GBR,
,Coventry,England,GBR,
,Croydon,England,GBR,
,Cumbria,England,GBR,497874
,Darlington,England,GBR,
,Derby,England,GBR,
,Derbyshire,England,GBR,1032267
,Devon,England,GBR,1159832
,Doncaster,England,GBR,
,Dorset,England,GBR,759768
,Dudley,England,GBR,
,Ealing,England,GBR,
,East Riding of Yorkshire,England,GBR,594825
,East Sussex,England,GBR,820842
,Enfield,England,GBR,
,Essex,England,GBR,1773154
,Gateshead,England,GBR,
,Gloucestershire,England,GBR,882888
,Greenwich,England,GBR,
,Hackney and City of London,England,GBR,
,Halton,England,GBR,
,Hammersmith and Fulham,England,GBR,
,Hampshire,England,GBR,1800511
,Haringey,England,GBR,
,Harrow,England,GBR,
,Hartlepool,England,GBR,
,Havering,England,GBR,
,"Herefordshire, County of",England,GBR,
,Hertfordshire,England,GBR,1154766
,Hillingdon,England,GBR,
,Hounslow,England,GBR,
,Isle of Wight,England,GBR,139105
,Islington,England,GBR,
,Kensington and Chelsea,England,GBR,
,Kent,England,GBR,1784369
,"Kingston upon Hull, City of",England,GBR,
,Kingston upon Thames,England,GBR,
,Kirklees,England,GBR,
,Knowsley,England,GBR,
,Lambeth,England,GBR,
,Lancashire,England,GBR,1471979
,Leeds,England,GBR,
,Leicester,England,GBR,
,Leicestershire,England,GBR,1005558
,Lewisham,England,GBR,
,Lincolnshire,England,GBR,1060567
,Liverpool,England,GBR,
,Luton,England,GBR,
,Manchester,England,GBR,
,Medway,England,GBR,
,Merton,England,GBR,
,Middlesbrough,England,GBR,
,Milton Keynes,England,GBR,
,Newcastle upon Tyne,England,GBR,
,Newham,England,GBR,
,Norfolk,England,GBR,877710
,North East Lincolnshire,England,GBR,
,North Lincolnshire,England,GBR,
,North Somerset,England,GBR,
,North Tyneside,England,GBR,
,North Yorkshire,England,GBR,1080136
,Northamptonshire,England,GBR,714392
,Northumberland,England,GBR,315987
,Nottingham,England,GBR,
,Nottinghamshire,England,GBR,1115658
,Oldham,England,GBR,
,Oxfordshire,England,GBR,672516
,Peterborough,England,GBR,
,Plymouth,England,GBR,
,Portsmouth,England,GBR,
,Reading,England,GBR,
,Redbridge,England,GBR,
,Redcar and Cleveland,England,GBR,
,Richmond upon Thames,England,GBR,
,Rochdale,England,GBR,
,Rotherham,England,GBR,
,Rutland,England,GBR,38022
,Salford,England,GBR,
,Sandwell,England,GBR,
,Sefton,England,GBR,
,Sheffield,England,GBR,
,Shropshire,England,GBR,479561
,Slough,England,GBR,
,Solihull,England,GBR,
,Somerset,England,GBR,931784
,South Gloucestershire,England,GBR,
,South Tyneside,England,GBR,
,Southampton,England,GBR,
,Southend-on-Sea,England,GBR,
,Southwark,England,GBR,
,St. Helens,England,GBR,
,Staffordshire,England,GBR,1111192
,Stockport,England,GBR,
,Stockton-on-Tees,England,GBR,
,Stoke-on-Trent,England,GBR,
,Suffolk,England,GBR,738512
,Sunderland,England,GBR,
,Surrey,England,GBR,1161256
,Sutton,England,GBR,
,Swindon,England,GBR,
,Tameside,England,GBR,
,Telford and Wrekin,England,GBR,
,Thurrock,England,GBR,
,Torbay,England,GBR,
,Tower Hamlets,England,GBR,
,Trafford,England,GBR,
,Wakefield,England,GBR,
,Walsall,England,GBR,
,Waltham Forest,England,GBR,
,Wandsworth,England,GBR,
,Warrington,England,GBR,
,Warwickshire,England,GBR,551594
,West Berkshire,England,GBR,
,West Sussex,England,GBR,828398
,Westminster,England,GBR,
,Wigan,England,GBR,
,Wiltshire,England,GBR,698942
,Windsor and Maidenhead,England,GBR,
,Wirral,England,GBR,
,Wokingham,England,GBR,
,Wolverhampton,England,GBR,
,Worcestershire,England,GBR,575421
,York,England,GBR,
,Ayrshire and Arran,Scotland,GBR,
,Borders,Scotland,GBR,
,Dumfries and Galloway,Scotland,GBR,
,Fife,Scotland,GBR,
,Forth Valley,Scotland,GBR,
,Grampian,Scotland,GBR,
,Greater Glasgow and Clyde,Scotland,GBR,
,Highland,Scotland,GBR,
,Lanarkshire,Scotland,GBR,
,Lothian,Scotland,GBR,
,Shetland,Scotland,GBR,
,Tayside,Scotland,GBR,
,Anchorage Economic Region,AK,USA,294356
,Gulf Coast Economic Region,AK,USA,80866
,Interior Economic Region,AK,USA,109847
,Mat-Su Economic Region,AK,USA,107610
,Northern Economic Region,AK,USA,27432
,Southeast Economic Region,AK,USA,72373
,Southwest Economic Region,AK,USA,42206
,Baldwin County,AL,USA,218022
,Calhoun County,AL,USA,114277
,Chambers County,AL,USA,33615
,Cullman County,AL,USA,83442
,Elmore County,AL,USA,81887
,Franklin County,AL,USA,31363
,Houston County,AL,USA,104722
,Jackson County,AL,USA,51736
,Jefferson County,AL,USA,659300
,Lamar County,AL,USA,13844
,Lauderdale County,AL,USA,92387
,Lee County,AL,USA,163941
,Limestone County,AL,USA,96174
,Madison County,AL,USA,366519
,Marion County,AL,USA,29763
,Mobile County,AL,USA,413757
,Montgomery County,AL,USA,225763
,Shelby County,AL,USA,215707
,St. Clair County,AL,USA,88690
,Talladega County,AL,USA,79828
,Tallapoosa County,AL,USA,40497
,Tuscaloosa County,AL,USA,208911
,Walker County,AL,USA,
,Washington County,AL,USA,16378
,Autauga County,AL,USA,55601
,Barbour County,AL,USA,24881
,Bibb County,AL,USA,22400
,Blount County,AL,USA,57840
,Bullock County,AL,USA,10138
,Butler County,AL,USA,19680
,Cherokee County,AL,USA,26032
,Chilton County,AL,USA,44153
,Choctaw County,AL,USA,12841
,Clarke County,AL,USA,23920
,Clay County,AL,USA,13275
,Cleburne County,AL,USA,14987
,Coffee County,AL,USA,51909
,Colbert County,AL,USA,54762
,Conecuh County,AL,USA,12277
,Coosa County,AL,USA,10715
,Covington County,AL,USA,36986
,Crenshaw County,AL,USA,13824
,Dale County,AL,USA,48956
,Dallas County,AL,USA,38310
,DeKalb County,AL,USA,71385
,Escambia County,AL,USA,36748
,Etowah County,AL,USA,102501
,Fayette County,AL,USA,16433
,Geneva County,AL,USA,26314
,Greene County,AL,USA,8233
,Hale County,AL,USA,14726
,Henry County,AL,USA,17209
,Lawrence County,AL,USA,32957
,Lowndes County,AL,USA,9974
,Macon County,AL,USA,18439
,Marengo County,AL,USA,19066
,Marshall County,AL,USA,96109
,Monroe County,AL,USA,21067
,Morgan County,AL,USA,119089
,Perry County,AL,USA,9140
,Pickens County,AL,USA,19938
,Pike County,AL,USA,33338
,Randolph County,AL,USA,22725
,Russell County,AL,USA,57781
,Sumter County,AL,USA,12691
,Wilcox County,AL,USA,10627
,Winston County,AL,USA,23660
,(unassigned),AR,USA,
,Howard County,AR,USA,13341
,Pulaski County,AR,USA,392680
,Lonoke County,AR,USA,73657
,Prairie County,AR,USA,8074
,Desha County,AR,USA,11512
,Phillips County,AR,USA,18029
,Searcy County,AR,USA,7958
,Independence County,AR,USA,37678
,Jackson County,AR,USA,16811
,Mississippi County,AR,USA,41239
,Greene County,AR,USA,45325
,Clay County,AR,USA,14847
,Randolph County,AR,USA,17948
,Lawrence County,AR,USA,16434
,Baxter County,AR,USA,41619
,Marion County,AR,USA,16722
,Perry County,AR,USA,10352
,Jefferson County,AR,USA,68114
,Washington County,AR,USA,236961
,Crawford County,AR,USA,63406
,Little River County,AR,USA,12326
,Miller County,AR,USA,43592
,Lafayette County,AR,USA,6682
,Columbia County,AR,USA,23537
,Union County,AR,USA,39126
,Ashley County,AR,USA,20046
,Chicot County,AR,USA,10438
,Benton County,AR,USA,272608
,Carroll County,AR,USA,28223
,Madison County,AR,USA,16481
,Sebastian County,AR,USA,127753
,Polk County,AR,USA,20049
,Sevier County,AR,USA,17139
,Garland County,AR,USA,99154
,Saline County,AR,USA,121421
,Franklin County,AR,USA,17810
,Scott County,AR,USA,10319
,Logan County,AR,USA,21737
,Yell County,AR,USA,21535
,Montgomery County,AR,USA,8924
,Pike County,AR,USA,10673
,Hempstead County,AR,USA,21741
,Drew County,AR,USA,18328
,Bradley County,AR,USA,10897
,Calhoun County,AR,USA,5277
,Ouachita County,AR,USA,23606
,Nevada County,AR,USA,8326
,Clark County,AR,USA,22061
,Dallas County,AR,USA,7182
,Cleveland County,AR,USA,8018
,Lincoln County,AR,USA,13383
,Arkansas County,AR,USA,17769
,Grant County,AR,USA,18188
,Monroe County,AR,USA,6900
,Lee County,AR,USA,8985
,Hot Spring County,AR,USA,33701
,St. Francis County,AR,USA,25439
,Crittenden County,AR,USA,48342
,Cross County,AR,USA,16676
,Woodruff County,AR,USA,6490
,White County,AR,USA,78727
,Faulkner County,AR,USA,124806
,Conway County,AR,USA,20891
,Newton County,AR,USA,7805
,Pope County,AR,USA,64000
,Johnson County,AR,USA,26742
,Van Buren County,AR,USA,16603
,Cleburne County,AR,USA,24965
,Poinsett County,AR,USA,23974
,Craighead County,AR,USA,108558
,Sharp County,AR,USA,17366
,Izard County,AR,USA,13593
,Fulton County,AR,USA,12269
,Stone County,AR,USA,12457
,Boone County,AR,USA,37480
,Yuma County,AZ,USA,212128
,Yavapai County,AZ,USA,231993
,Santa Cruz County,AZ,USA,46511
,Pinal County,AZ,USA,447138
,Pima County,AZ,USA,1039073
,Navajo County,AZ,USA,110445
,Mohave County,AZ,USA,209550
,Maricopa County,AZ,USA,4410824
,La Paz County,AZ,USA,21098
,Greenlee County,AZ,USA,9483
,Graham County,AZ,USA,38072
,Gila County,AZ,USA,53889
,Coconino County,AZ,USA,142854
,Cochise County,AZ,USA,126770
,Apache County,AZ,USA,71818
,Alameda County,CA,USA,1666753
,Alpine County,CA,USA,1101
,Amador County,CA,USA,39383
,Butte County,CA,USA,231256
,Calaveras County,CA,USA,45602
,Colusa County,CA,USA,21627
,Contra Costa County,CA,USA,1150215
,Del Norte County,CA,USA,27828
,El Dorado County,CA,USA,190678
,Fresno County,CA,USA,994400
,Glenn County,CA,USA,28047
,Humboldt County,CA,USA,136373
,Imperial County,CA,USA,181827
,Inyo County,CA,USA,17987
,Kern County,CA,USA,896764
,Kings County,CA,USA,151366
,Lake County,CA,USA,64382
,Lassen County,CA,USA,30802
,Los Angeles County,CA,USA,10105518
,Madera County,CA,USA,157672
,Marin County,CA,USA,259666
,Mariposa County,CA,USA,17471
,Mendocino County,CA,USA,87606
,Merced County,CA,USA,274765
,Modoc County,CA,USA,8777
,Mono County,CA,USA,14250
,Monterey County,CA,USA,435594
,Napa County,CA,USA,139417
,Nevada County,CA,USA,99696
,Orange County,CA,USA,3185968
,Placer County,CA,USA,393149
,Plumas County,CA,USA,18804
,Riverside County,CA,USA,2450758
,Sacramento County,CA,USA,1540975
,San Benito County,CA,USA,61537
,San Bernardino County,CA,USA,2171603
,San Diego County,CA,USA,3343364
,San Francisco County,CA,USA,883305
,San Joaquin County,CA,USA,752660
,San Luis Obispo County,CA,USA,284010
,San Mateo County,CA,USA,769545
,Santa Barbara County,CA,USA,446527
,Santa Clara County,CA,USA,1937570
,Santa Cruz County,CA,USA,274255
,Shasta County,CA,USA,180040
,Sierra County,CA,USA,2987
,Siskiyou County,CA,USA,43724
,Solano County,CA,USA,446610
,Sonoma County,CA,USA,499942
,Stanislaus County,CA,USA,549815
,Sutter County,CA,USA,96807
,Tehama County,CA,USA,63916
,Trinity County,CA,USA,12535
,Tulare County,CA,USA,465861
,Tuolumne County,CA,USA,54539
,Ventura County,CA,USA,850967
,Yolo County,CA,USA,220408
,Yuba County,CA,USA,78041
,,CA,USA,39512223
,Saguache County,CO,USA,6829
,Sedgwick County,CO,USA,2275
,Cheyenne County,CO,USA,1867
,Custer County,CO,USA,4934
,La Plata County,CO,USA,56446
,San Juan County,CO,USA,747
,Pitkin County,CO,USA,17926
,Park County,CO,USA,18545
,Alamosa County,CO,USA,16178
,Prowers County,CO,USA,12076
,Moffat County,CO,USA,13201
,Jefferson County,CO,USA,579877
,Summit County,CO,USA,30978
,Pueblo County,CO,USA,167081
,Boulder County,CO,USA,325520
,Denver County,CO,USA,717862
,Montrose County,CO,USA,42280
,Eagle County,CO,USA,54895
,San Miguel County,CO,USA,8196
,Costilla County,CO,USA,3819
,Broomfield County,CO,USA,69130
,Chaffee County,CO,USA,20010
,Crowley County,CO,USA,5855
,Fremont County,CO,USA,47921
,Huerfano County,CO,USA,6850
,Delta County,CO,USA,30936
,Garfield County,CO,USA,59854
,Rio Blanco County,CO,USA,6293
,Morgan County,CO,USA,28436
,Lincoln County,CO,USA,5574
,Montezuma County,CO,USA,26121
,Adams County,CO,USA,511720
,Mineral County,CO,USA,754
,Otero County,CO,USA,18352
,Phillips County,CO,USA,4280
,Ouray County,CO,USA,4812
,Bent County,CO,USA,5833
,Archuleta County,CO,USA,13764
,Routt County,CO,USA,25716
,Hinsdale County,CO,USA,804
,Weld County,CO,USA,314288
,Larimer County,CO,USA,350424
,Lake County,CO,USA,7766
,Rio Grande County,CO,USA,11213
,Gilpin County,CO,USA,6096
,Yuma County,CO,USA,10037
,Jackson County,CO,USA,1394
,Kit Carson County,CO,USA,7169
,Clear Creek County,CO,USA,9659
,Logan County,CO,USA,21858
,Washington County,CO,USA,4716
,Douglas County,CO,USA,342937
,Conejos County,CO,USA,8151
,El Paso County,CO,USA,714536
,Kiowa County,CO,USA,1373
,Teller County,CO,USA,25068
,Gunnison County,CO,USA,17182
,Baca County,CO,USA,3551
,Elbert County,CO,USA,26243
,Mesa County,CO,USA,153628
,Dolores County,CO,USA,2050
,Arapahoe County,CO,USA,651513
,Las Animas County,CO,USA,14529
,Grand County,CO,USA,15503
,,CO,USA,5695430
,Fairfield County,CT,USA,943823
,Hartford County,CT,USA,892697
,Litchfield County,CT,USA,181111
,Middlesex County,CT,USA,162682
,New Haven County,CT,USA,857620
,New London County,CT,USA,266784
,Tolland County,CT,USA,150921
,Windham County,CT,USA,117027
,New Castle County,DE,USA,559335
,Kent County,DE,USA,178550
,Pea Patch County,DE,USA,
,Sussex County,DE,USA,229286
,Reedy Island County,DE,USA,
,DE/NJ County,DE,USA,
,Hardee County,FL,USA,27245
,Lee County,FL,USA,754610
,Sumter County,FL,USA,128754
,Bay County,FL,USA,185287
,Gadsden County,FL,USA,45894
,Taylor County,FL,USA,21623
,Jackson County,FL,USA,48305
,Alachua County,FL,USA,269956
,Citrus County,FL,USA,147929
,Dixie County,FL,USA,16700
,Madison County,FL,USA,18529
,Suwannee County,FL,USA,44191
,Escambia County,FL,USA,315534
,Palm Beach County,FL,USA,1485941
,Glades County,FL,USA,13724
,Polk County,FL,USA,708009
,Monroe County,FL,USA,75027
,St. Johns County,FL,USA,254261
,Manatee County,FL,USA,394855
,Lake County,FL,USA,356495
,DeSoto County,FL,USA,37489
,Okeechobee County,FL,USA,41537
,Gulf County,FL,USA,16164
,Osceola County,FL,USA,367990
,St. Lucie County,FL,USA,321128
,Gilchrist County,FL,USA,18256
,Santa Rosa County,FL,USA,179349
,Marion County,FL,USA,359977
,Collier County,FL,USA,378488
,Seminole County,FL,USA,467832
,Holmes County,FL,USA,19477
,Leon County,FL,USA,292502
,Indian River County,FL,USA,157413
,Wakulla County,FL,USA,32461
,Okaloosa County,FL,USA,207269
,Franklin County,FL,USA,11736
,Martin County,FL,USA,160912
,Volusia County,FL,USA,547538
,Duval County,FL,USA,950181
,Broward County,FL,USA,1951260
,Liberty County,FL,USA,8457
,Brevard County,FL,USA,596849
,Calhoun County,FL,USA,14587
,Charlotte County,FL,USA,184998
,Clay County,FL,USA,216072
,Flagler County,FL,USA,112067
,Hernando County,FL,USA,190865
,Union County,FL,USA,14940
,Columbia County,FL,USA,70503
,Washington County,FL,USA,24880
,Highlands County,FL,USA,105424
,Putnam County,FL,USA,74163
,Miami-Dade County,FL,USA,2761581
,Baker County,FL,USA,28355
,Orange County,FL,USA,1380645
,Hendry County,FL,USA,41556
,Pinellas County,FL,USA,975280
,Bradford County,FL,USA,27732
,Jefferson County,FL,USA,14288
,Nassau County,FL,USA,85832
,Hillsborough County,FL,USA,1436888
,(unassigned),FL,USA,
,Levy County,FL,USA,40770
,Sarasota County,FL,USA,426718
,Hamilton County,FL,USA,14310
,Lafayette County,FL,USA,8732
,Pasco County,FL,USA,539630
,Walton County,FL,USA,71375
,,FL,USA,21477737
,Fulton County,GA,USA,1050114
,Cobb County,GA,USA,756865
,Dekalb County,GA,USA,
,Dougherty County,GA,USA,91243
,Bartow County,GA,USA,106408
,Gwinnett County,GA,USA,927781
,Cherokee County,GA,USA,254149
,Carroll County,GA,USA,118121
,Clayton County,GA,USA,289615
,Lee County,GA,USA,29764
,Clarke County,GA,USA,127330
,Fayette County,GA,USA,113459
,Richmond County,GA,USA,201554
,Floyd County,GA,USA,97927
,Hall County,GA,USA,202148
,Coweta County,GA,USA,145864
,Henry County,GA,USA,230220
,Lowndes County,GA,USA,116321
,Douglas County,GA,USA,145331
,Forsyth County,GA,USA,236612
,Gordon County,GA,USA,57685
,Paulding County,GA,USA,164044
,Rockdale County,GA,USA,90594
,Chatham County,GA,USA,289195
,Glynn County,GA,USA,85219
,Newton County,GA,USA,109541
,Polk County,GA,USA,42470
,Spalding County,GA,USA,66100
,Troup County,GA,USA,70034
,Columbia County,GA,USA,154291
,Lamar County,GA,USA,19000
,Oconee County,GA,USA,39272
,Peach County,GA,USA,27297
,Pickens County,GA,USA,31980
,Worth County,GA,USA,20299
,Baldwin County,GA,USA,44823
,Bibb County,GA,USA,153095
,Butts County,GA,USA,24193
,Early County,GA,USA,10247
,Effingham County,GA,USA,62190
,Laurens County,GA,USA,47325
,Lumpkin County,GA,USA,32955
,Muscogee County,GA,USA,194160
,Sumter County,GA,USA,29733
,Terrell County,GA,USA,8611
,Tift County,GA,USA,40571
,Whitfield County,GA,USA,104062
,Barrow County,GA,USA,80809
,Burke County,GA,USA,22423
,Catoosa County,GA,USA,67420
,Charlton County,GA,USA,12968
,Chattooga County,GA,USA,24790
,Clinch County,GA,USA,6648
,Coffee County,GA,USA,43093
,Dawson County,GA,USA,25083
,Harris County,GA,USA,34475
,Heard County,GA,USA,11879
,Houston County,GA,USA,155469
,Liberty County,GA,USA,61497
,Lincoln County,GA,USA,7915
,Madison County,GA,USA,29650
,Miller County,GA,USA,5686
,Monroe County,GA,USA,27520
,Morgan County,GA,USA,18853
,Pierce County,GA,USA,19389
,Randolph County,GA,USA,6833
,Tattnall County,GA,USA,25391
,Turner County,GA,USA,7912
,Twiggs County,GA,USA,8188
,Washington County,GA,USA,20386
,(unassigned),GA,USA,
,Appling County,GA,USA,18507
,Atkinson County,GA,USA,8297
,Bacon County,GA,USA,11185
,Baker County,GA,USA,3092
,Banks County,GA,USA,18988
,Ben Hill County,GA,USA,16787
,Berrien County,GA,USA,19252
,Bleckley County,GA,USA,12838
,Brantley County,GA,USA,18897
,Brooks County,GA,USA,15513
,Bryan County,GA,USA,38109
,Bulloch County,GA,USA,77296
,Calhoun County,GA,USA,6352
,Camden County,GA,USA,53677
,Candler County,GA,USA,10836
,Chattahoochee County,GA,USA,10684
,Clay County,GA,USA,2887
,Colquitt County,GA,USA,45592
,Cook County,GA,USA,17162
,Crawford County,GA,USA,12318
,Crisp County,GA,USA,22601
,Dade County,GA,USA,16226
,Decatur County,GA,USA,26575
,DeKalb County,GA,USA,756558
,Dodge County,GA,USA,20705
,Dooly County,GA,USA,13706
,Echols County,GA,USA,4000
,Elbert County,GA,USA,19120
,Emanuel County,GA,USA,22612
,Evans County,GA,USA,10721
,Fannin County,GA,USA,25964
,Franklin County,GA,USA,23023
,Gilmer County,GA,USA,30816
,Glascock County,GA,USA,2995
,Grady County,GA,USA,24748
,Greene County,GA,USA,17698
,Habersham County,GA,USA,45388
,Hancock County,GA,USA,8348
,Haralson County,GA,USA,29533
,Hart County,GA,USA,26099
,Irwin County,GA,USA,9398
,Jackson County,GA,USA,70422
,Jasper County,GA,USA,14040
,Jeff Davis County,GA,USA,15029
,Jefferson County,GA,USA,15430
,Jenkins County,GA,USA,8683
,Johnson County,GA,USA,9708
,Jones County,GA,USA,28616
,Lanier County,GA,USA,10340
,Long County,GA,USA,18998
,Macon County,GA,USA,13143
,Marion County,GA,USA,8351
,McDuffie County,GA,USA,21531
,McIntosh County,GA,USA,14340
,Meriwether County,GA,USA,21068
,Mitchell County,GA,USA,22192
,Montgomery County,GA,USA,9193
,Murray County,GA,USA,39921
,Oglethorpe County,GA,USA,15054
,Pike County,GA,USA,18634
,Pulaski County,GA,USA,11069
,Putnam County,GA,USA,21809
,Quitman County,GA,USA,2279
,Rabun County,GA,USA,16867
,Schley County,GA,USA,5236
,Screven County,GA,USA,13938
,Seminole County,GA,USA,8315
,Stephens County,GA,USA,26035
,Stewart County,GA,USA,6199
,Talbot County,GA,USA,6272
,Taliaferro County,GA,USA,1608
,Taylor County,GA,USA,8039
,Telfair County,GA,USA,15876
,Thomas County,GA,USA,44448
,Toombs County,GA,USA,26887
,Towns County,GA,USA,11852
,Treutlen County,GA,USA,6809
,Union County,GA,USA,24001
,Upson County,GA,USA,26215
,Walker County,GA,USA,69410
,Walton County,GA,USA,93503
,Ware County,GA,USA,35680
,Warren County,GA,USA,5251
,Wayne County,GA,USA,29808
,Webster County,GA,USA,2611
,Wheeler County,GA,USA,7879
,White County,GA,USA,29970
,Wilcox County,GA,USA,8812
,Wilkes County,GA,USA,9876
,Wilkinson County,GA,USA,9036
,Hawaii County,HI,USA,200983
,Honolulu County,HI,USA,980080
,Kauai County,HI,USA,72133
,Maui County,HI,USA,167207
,Kalawao County,HI,USA,88
,,HI,USA,1415872
,Lyon County,IA,USA,11811
,Osceola County,IA,USA,6040
,Dickinson County,IA,USA,17153
,Emmet County,IA,USA,9253
,Allamakee County,IA,USA,13832
,Kossuth County,IA,USA,14908
,Winneshiek County,IA,USA,20029
,Howard County,IA,USA,9187
,Winnebago County,IA,USA,10518
,Mitchell County,IA,USA,10569
,Worth County,IA,USA,7453
,Sioux County,IA,USA,34909
,O'Brien County,IA,USA,13840
,Clay County,IA,USA,16134
,Palo Alto County,IA,USA,8929
,Hancock County,IA,USA,10712
,Cerro Gordo County,IA,USA,42647
,Chickasaw County,IA,USA,11964
,Floyd County,IA,USA,15761
,Clayton County,IA,USA,17556
,Fayette County,IA,USA,19660
,Plymouth County,IA,USA,25095
,Cherokee County,IA,USA,11321
,Buena Vista County,IA,USA,19874
,Pocahontas County,IA,USA,6740
,Humboldt County,IA,USA,9547
,Wright County,IA,USA,12690
,Bremer County,IA,USA,24947
,Franklin County,IA,USA,10124
,Butler County,IA,USA,14539
,Dubuque County,IA,USA,96854
,Delaware County,IA,USA,17069
,Webster County,IA,USA,36277
,Buchanan County,IA,USA,21199
,Black Hawk County,IA,USA,132408
,Woodbury County,IA,USA,102539
,Ida County,IA,USA,6841
,Sac County,IA,USA,9719
,Calhoun County,IA,USA,9699
,Hamilton County,IA,USA,14952
,Hardin County,IA,USA,16868
,Grundy County,IA,USA,12304
,Jackson County,IA,USA,19432
,Jones County,IA,USA,20744
,Linn County,IA,USA,225909
,Benton County,IA,USA,25642
,Tama County,IA,USA,16904
,Monona County,IA,USA,8679
,Crawford County,IA,USA,17158
,Carroll County,IA,USA,20154
,Greene County,IA,USA,8981
,Boone County,IA,USA,26346
,Story County,IA,USA,98105
,Marshall County,IA,USA,39981
,Clinton County,IA,USA,46518
,Cedar County,IA,USA,18627
,Harrison County,IA,USA,14134
,Shelby County,IA,USA,11578
,Audubon County,IA,USA,5506
,Guthrie County,IA,USA,10720
,Johnson County,IA,USA,151260
,Dallas County,IA,USA,90180
,Iowa County,IA,USA,16141
,Polk County,IA,USA,487204
,Poweshiek County,IA,USA,18699
,Jasper County,IA,USA,37147
,Scott County,IA,USA,173283
,Muscatine County,IA,USA,42929
,Pottawattamie County,IA,USA,93533
,Cass County,IA,USA,12930
,Washington County,IA,USA,22141
,Adair County,IA,USA,7063
,Keokuk County,IA,USA,10225
,Warren County,IA,USA,51056
,Madison County,IA,USA,16249
,Mahaska County,IA,USA,22000
,Marion County,IA,USA,33407
,Louisa County,IA,USA,11169
,Mills County,IA,USA,15063
,Montgomery County,IA,USA,10003
,Adams County,IA,USA,3645
,Henry County,IA,USA,20067
,Jefferson County,IA,USA,18381
,Union County,IA,USA,12359
,Wapello County,IA,USA,35205
,Clarke County,IA,USA,9423
,Lucas County,IA,USA,8645
,Monroe County,IA,USA,7790
,Des Moines County,IA,USA,39138
,Fremont County,IA,USA,6993
,Page County,IA,USA,15249
,Taylor County,IA,USA,6191
,Ringgold County,IA,USA,4968
,Van Buren County,IA,USA,7020
,Davis County,IA,USA,9017
,Decatur County,IA,USA,7890
,Wayne County,IA,USA,6401
,Appanoose County,IA,USA,12437
,Lee County,IA,USA,34055
,Kootenai County,ID,USA,161505
,Canyon County,ID,USA,223499
,Ada County,ID,USA,469966
,Valley County,ID,USA,11041
,Blaine County,ID,USA,22601
,Twin Falls County,ID,USA,86081
,Bingham County,ID,USA,46236
,Madison County,ID,USA,39304
,Teton County,ID,USA,11640
,Adams County,ID,USA,4250
,Bannock County,ID,USA,87138
,Bear Lake County,ID,USA,6050
,Benewah County,ID,USA,9226
,Boise County,ID,USA,7634
,Bonner County,ID,USA,44727
,Bonneville County,ID,USA,116854
,Boundary County,ID,USA,11948
,Butte County,ID,USA,2611
,Camas County,ID,USA,1127
,Caribou County,ID,USA,7060
,Cassia County,ID,USA,23864
,Clark County,ID,USA,852
,Clearwater County,ID,USA,8758
,Custer County,ID,USA,4280
,Elmore County,ID,USA,27259
,Franklin County,ID,USA,13726
,Fremont County,ID,USA,13168
,Gem County,ID,USA,17634
,Gooding County,ID,USA,15196
,Idaho County,ID,USA,16513
,Jefferson County,ID,USA,29439
,Jerome County,ID,USA,24015
,Latah County,ID,USA,40134
,Lemhi County,ID,USA,7961
,Lewis County,ID,USA,3861
,Lincoln County,ID,USA,5360
,Minidoka County,ID,USA,20825
,Nez Perce County,ID,USA,40408
,Oneida County,ID,USA,4488
,Owyhee County,ID,USA,11693
,Payette County,ID,USA,23551
,Power County,ID,USA,7768
,Shoshone County,ID,USA,12796
,Washington County,ID,USA,10161
,Adams County,IL,USA,65691
,Alexander County,IL,USA,6060
,Bond County,IL,USA,16630
,Boone County,IL,USA,53577
,Brown County,IL,USA,6556
,Bureau County,IL,USA,32993
,Calhoun County,IL,USA,4802
,Carroll County,IL,USA,14312
,Cass County,IL,USA,12260
,Champaign County,IL,USA,209983
,Christian County,IL,USA,32661
,Clark County,IL,USA,15596
,Clay County,IL,USA,13253
,Clinton County,IL,USA,37639
,Coles County,IL,USA,50885
,Cook County,IL,USA,5180493
,Crawford County,IL,USA,18807
,Cumberland County,IL,USA,10808
,DeKalb County,IL,USA,104143
,De Witt County,IL,USA,15769
,Douglas County,IL,USA,19479
,DuPage County,IL,USA,928589
,Edgar County,IL,USA,17360
,Edwards County,IL,USA,6392
,Effingham County,IL,USA,34208
,Fayette County,IL,USA,21416
,Ford County,IL,USA,13264
,Franklin County,IL,USA,38701
,Fulton County,IL,USA,34844
,Gallatin County,IL,USA,5058
,Greene County,IL,USA,13044
,Grundy County,IL,USA,50972
,Hamilton County,IL,USA,8163
,Hancock County,IL,USA,17844
,Hardin County,IL,USA,3910
,Henderson County,IL,USA,6709
,Henry County,IL,USA,49090
,Iroquois County,IL,USA,27604
,Jackson County,IL,USA,57419
,Jasper County,IL,USA,9611
,Jefferson County,IL,USA,37820
,Jersey County,IL,USA,21847
,Jo Daviess County,IL,USA,21366
,Johnson County,IL,USA,12456
,Kane County,IL,USA,534216
,Kankakee County,IL,USA,110024
,Kendall County,IL,USA,127915
,Knox County,IL,USA,50112
,Lake County,IL,USA,700832
,LaSalle County,IL,USA,109430
,Lawrence County,IL,USA,15765
,Lee County,IL,USA,34223
,Livingston County,IL,USA,35761
,Logan County,IL,USA,28925
,McDonough County,IL,USA,29955
,McHenry County,IL,USA,308570
,McLean County,IL,USA,172828
,Macon County,IL,USA,104712
,Macoupin County,IL,USA,45313
,Madison County,IL,USA,264461
,Marion County,IL,USA,37620
,Marshall County,IL,USA,11534
,Mason County,IL,USA,13565
,Massac County,IL,USA,14080
,Menard County,IL,USA,12288
,Mercer County,IL,USA,15601
,Monroe County,IL,USA,34335
,Montgomery County,IL,USA,28601
,Morgan County,IL,USA,33976
,Moultrie County,IL,USA,14717
,Ogle County,IL,USA,50923
,Peoria County,IL,USA,180621
,Perry County,IL,USA,21174
,Piatt County,IL,USA,16396
,Pike County,IL,USA,15611
,Pope County,IL,USA,4212
,Pulaski County,IL,USA,5463
,Putnam County,IL,USA,5740
,Randolph County,IL,USA,32106
,Richland County,IL,USA,15763
,Rock Island County,IL,USA,143477
,St. Clair County,IL,USA,261059
,Saline County,IL,USA,23906
,Sangamon County,IL,USA,195348
,Schuyler County,IL,USA,6907
,Scott County,IL,USA,4926
,Shelby County,IL,USA,21741
,Stark County,IL,USA,5427
,Stephenson County,IL,USA,44753
,Tazewell County,IL,USA,132328
,Union County,IL,USA,16841
,Vermilion County,IL,USA,76806
,Wabash County,IL,USA,11549
,Warren County,IL,USA,17032
,Washington County,IL,USA,13995
,Wayne County,IL,USA,16332
,White County,IL,USA,13665
,Whiteside County,IL,USA,55626
,Will County,IL,USA,692310
,Williamson County,IL,USA,67056
,Winnebago County,IL,USA,284081
,Woodford County,IL,USA,38463
,,IL,USA,12671821
,DeKalb County,IN,USA,43226
,Boone County,IN,USA,66999
,Tippecanoe County,IN,USA,193048
,Johnson County,IN,USA,156225
,Elkhart County,IN,USA,205560
,Adams County,IN,USA,35636
,Noble County,IN,USA,47532
,Madison County,IN,USA,129641
,St. Joseph County,IN,USA,270771
,Jackson County,IN,USA,44111
,Vanderburgh County,IN,USA,180974
,Grant County,IN,USA,65936
,Porter County,IN,USA,169594
,Marion County,IN,USA,954670
,Hamilton County,IN,USA,330086
,Lake County,IN,USA,484411
,Morgan County,IN,USA,70116
,Hendricks County,IN,USA,167009
,LaPorte County,IN,USA,110007
,Floyd County,IN,USA,77781
,Shelby County,IN,USA,44593
,Allen County,IN,USA,375351
,Tipton County,IN,USA,15128
,Rush County,IN,USA,16663
,Orange County,IN,USA,19489
,Crawford County,IN,USA,10558
,Owen County,IN,USA,20845
,Fountain County,IN,USA,16351
,Decatur County,IN,USA,26794
,Fulton County,IN,USA,20092
,LaGrange County,IN,USA,39330
,Knox County,IN,USA,36895
,Monroe County,IN,USA,146917
,Cass County,IN,USA,37955
,Randolph County,IN,USA,24851
,Martin County,IN,USA,10217
,Washington County,IN,USA,27943
,Parke County,IN,USA,16927
,Kosciusko County,IN,USA,79344
,Wayne County,IN,USA,65936
,Montgomery County,IN,USA,38346
,Hancock County,IN,USA,76351
,Vigo County,IN,USA,107386
,Jefferson County,IN,USA,32208
,Huntington County,IN,USA,36240
,Harrison County,IN,USA,40350
,Wabash County,IN,USA,31280
,Delaware County,IN,USA,114772
,Posey County,IN,USA,25540
,Spencer County,IN,USA,20327
,Ohio County,IN,USA,5844
,Carroll County,IN,USA,20127
,Warren County,IN,USA,8263
,Franklin County,IN,USA,22736
,Pulaski County,IN,USA,12469
,Jay County,IN,USA,20764
,Wells County,IN,USA,28206
,Marshall County,IN,USA,46248
,Sullivan County,IN,USA,20690
,Brown County,IN,USA,15234
,Ripley County,IN,USA,28523
,Henry County,IN,USA,48271
,Howard County,IN,USA,82366
,Whitley County,IN,USA,34074
,Dearborn County,IN,USA,49568
,Blackford County,IN,USA,11930
,Scott County,IN,USA,23878
,Bartholomew County,IN,USA,82753
,Jasper County,IN,USA,33370
,Union County,IN,USA,7037
,Vermillion County,IN,USA,15479
,Benton County,IN,USA,8653
,Clay County,IN,USA,26170
,Lawrence County,IN,USA,45668
,Clark County,IN,USA,117360
,Miami County,IN,USA,35567
,Fayette County,IN,USA,23047
,Newton County,IN,USA,14011
,Perry County,IN,USA,19102
,Putnam County,IN,USA,37779
,Starke County,IN,USA,22935
,Greene County,IN,USA,32006
,Pike County,IN,USA,12410
,Warrick County,IN,USA,62567
,Daviess County,IN,USA,33147
,Dubois County,IN,USA,42565
,Clinton County,IN,USA,32250
,White County,IN,USA,24133
,Switzerland County,IN,USA,10717
,Steuben County,IN,USA,34586
,Gibson County,IN,USA,33452
,Jennings County,IN,USA,27611
,,IN,USA,6732219
,Butler County,KS,USA,66765
,Lyon County,KS,USA,33406
,Cherokee County,KS,USA,20015
,Mitchell County,KS,USA,6150
,Douglas County,KS,USA,121436
,Morris County,KS,USA,5521
,Jackson County,KS,USA,13280
,Reno County,KS,USA,62342
,Johnson County,KS,USA,597555
,Sedgwick County,KS,USA,513607
,Leavenworth County,KS,USA,81352
,Wyandotte County,KS,USA,165324
,Allen County,KS,USA,12444
,Anderson County,KS,USA,7878
,Atchison County,KS,USA,16193
,Barber County,KS,USA,4472
,Barton County,KS,USA,26111
,Bourbon County,KS,USA,14653
,Brown County,KS,USA,9598
,Chase County,KS,USA,2629
,Chautauqua County,KS,USA,3309
,Cheyenne County,KS,USA,2660
,Clark County,KS,USA,2005
,Clay County,KS,USA,7997
,Cloud County,KS,USA,8729
,Coffey County,KS,USA,8233
,Comanche County,KS,USA,1748
,Cowley County,KS,USA,35218
,Crawford County,KS,USA,39019
,Decatur County,KS,USA,2871
,Dickinson County,KS,USA,18717
,Doniphan County,KS,USA,7682
,Edwards County,KS,USA,2849
,Elk County,KS,USA,2508
,Ellis County,KS,USA,28710
,Ellsworth County,KS,USA,6196
,Finney County,KS,USA,36611
,Ford County,KS,USA,33888
,Franklin County,KS,USA,25631
,Geary County,KS,USA,32594
,Gove County,KS,USA,2612
,Graham County,KS,USA,2492
,Grant County,KS,USA,7336
,Gray County,KS,USA,6033
,Greeley County,KS,USA,1227
,Greenwood County,KS,USA,6055
,Hamilton County,KS,USA,2607
,Harper County,KS,USA,5506
,Harvey County,KS,USA,34210
,Haskell County,KS,USA,3997
,Hodgeman County,KS,USA,1818
,Jefferson County,KS,USA,18975
,Jewell County,KS,USA,2841
,Kearny County,KS,USA,3943
,Kingman County,KS,USA,7310
,Kiowa County,KS,USA,2516
,Labette County,KS,USA,19964
,Lane County,KS,USA,1560
,Lincoln County,KS,USA,3023
,Linn County,KS,USA,9750
,Logan County,KS,USA,2844
,Marion County,KS,USA,11950
,Marshall County,KS,USA,9722
,McPherson County,KS,USA,28537
,Meade County,KS,USA,4146
,Miami County,KS,USA,33680
,Montgomery County,KS,USA,32120
,Morton County,KS,USA,2667
,Nemaha County,KS,USA,10155
,Neosho County,KS,USA,15951
,Ness County,KS,USA,2840
,Norton County,KS,USA,5430
,Osage County,KS,USA,15941
,Osborne County,KS,USA,3475
,Ottawa County,KS,USA,5802
,Pawnee County,KS,USA,6562
,Phillips County,KS,USA,5317
,Pottawatomie County,KS,USA,24277
,Pratt County,KS,USA,9378
,Rawlins County,KS,USA,2508
,Republic County,KS,USA,4664
,Rice County,KS,USA,9531
,Riley County,KS,USA,73703
,Rooks County,KS,USA,5013
,Rush County,KS,USA,3093
,Russell County,KS,USA,6907
,Saline County,KS,USA,54401
,Scott County,KS,USA,4897
,Seward County,KS,USA,21780
,Shawnee County,KS,USA,177499
,Sheridan County,KS,USA,2533
,Sherman County,KS,USA,5899
,Smith County,KS,USA,3603
,Stafford County,KS,USA,4178
,Stanton County,KS,USA,1987
,Stevens County,KS,USA,5559
,Sumner County,KS,USA,22996
,Thomas County,KS,USA,7711
,Trego County,KS,USA,2793
,Wabaunsee County,KS,USA,6899
,Wallace County,KS,USA,1503
,Washington County,KS,USA,5420
,Wichita County,KS,USA,2105
,Wilson County,KS,USA,8665
,Woodson County,KS,USA,3183
,Adair County,KY,USA,19215
,Allen County,KY,USA,21122
,Anderson County,KY,USA,22663
,Ballard County,KY,USA,7979
,Barren County,KY,USA,44176
,Bath County,KY,USA,12383
,Bell County,KY,USA,26569
,Boone County,KY,USA,131533
,Bourbon County,KY,USA,20184
,Boyd County,KY,USA,47240
,Boyle County,KY,USA,30100
,Bracken County,KY,USA,8239
,Breathitt County,KY,USA,12726
,Breckinridge County,KY,USA,20388
,Bullitt County,KY,USA,81069
,Butler County,KY,USA,12772
,Caldwell County,KY,USA,12715
,Calloway County,KY,USA,39135
,Campbell County,KY,USA,93152
,Carlisle County,KY,USA,4771
,Carroll County,KY,USA,10737
,Carter County,KY,USA,27004
,Casey County,KY,USA,15888
,Christian County,KY,USA,71671
,Clark County,KY,USA,36249
,Clay County,KY,USA,20105
,Clinton County,KY,USA,10206
,Crittenden County,KY,USA,8915
,Cumberland County,KY,USA,6659
,Daviess County,KY,USA,101104
,Edmonson County,KY,USA,12274
,Elliott County,KY,USA,7508
,Estill County,KY,USA,14198
,Fayette County,KY,USA,323780
,Fleming County,KY,USA,14432
,Floyd County,KY,USA,35845
,Franklin County,KY,USA,50815
,Fulton County,KY,USA,6120
,Gallatin County,KY,USA,8832
,Garrard County,KY,USA,17560
,Grant County,KY,USA,25121
,Graves County,KY,USA,37317
,Grayson County,KY,USA,26321
,Green County,KY,USA,11049
,Greenup County,KY,USA,35268
,Hancock County,KY,USA,8758
,Hardin County,KY,USA,110356
,Harlan County,KY,USA,26409
,Harrison County,KY,USA,18778
,Hart County,KY,USA,18906
,Henderson County,KY,USA,45591
,Henry County,KY,USA,16106
,Hickman County,KY,USA,4421
,Hopkins County,KY,USA,45068
,Jackson County,KY,USA,13442
,Jefferson County,KY,USA,770517
,Jessamine County,KY,USA,53920
,Johnson County,KY,USA,22386
,Kenton County,KY,USA,166051
,Knott County,KY,USA,15126
,Knox County,KY,USA,31304
,Larue County,KY,USA,14307
,Laurel County,KY,USA,60669
,Lawrence County,KY,USA,15571
,Lee County,KY,USA,7033
,Leslie County,KY,USA,10143
,Letcher County,KY,USA,21899
,Lewis County,KY,USA,13257
,Lincoln County,KY,USA,24644
,Livingston County,KY,USA,9242
,Logan County,KY,USA,26989
,Lyon County,KY,USA,8009
,Madison County,KY,USA,92368
,Magoffin County,KY,USA,12362
,Marion County,KY,USA,19404
,Marshall County,KY,USA,31191
,Martin County,KY,USA,11323
,Mason County,KY,USA,17150
,McCracken County,KY,USA,65346
,McCreary County,KY,USA,17408
,McLean County,KY,USA,9252
,Meade County,KY,USA,28715
,Menifee County,KY,USA,6451
,Mercer County,KY,USA,21774
,Metcalfe County,KY,USA,10030
,Monroe County,KY,USA,10718
,Montgomery County,KY,USA,28203
,Morgan County,KY,USA,13345
,Muhlenberg County,KY,USA,30774
,Nelson County,KY,USA,45851
,Nicholas County,KY,USA,7166
,Ohio County,KY,USA,24087
,Oldham County,KY,USA,66470
,Owen County,KY,USA,10880
,Owsley County,KY,USA,4472
,Pendleton County,KY,USA,14529
,Perry County,KY,USA,26092
,Pike County,KY,USA,58402
,Powell County,KY,USA,12442
,Pulaski County,KY,USA,64623
,Robertson County,KY,USA,2135
,Rockcastle County,KY,USA,16750
,Rowan County,KY,USA,24583
,Russell County,KY,USA,17821
,Scott County,KY,USA,56031
,Shelby County,KY,USA,48518
,Simpson County,KY,USA,18529
,Spencer County,KY,USA,18794
,Taylor County,KY,USA,25549
,Todd County,KY,USA,12311
,Trigg County,KY,USA,14643
,Trimble County,KY,USA,8515
,Union County,KY,USA,14505
,Warren County,KY,USA,131264
,Washington County,KY,USA,12084
,Wayne County,KY,USA,20468
,Webster County,KY,USA,13111
,Whitley County,KY,USA,36242
,Wolfe County,KY,USA,7177
,Woodford County,KY,USA,26533
,,KY,USA,4467673
,Orleans Parish,LA,USA,391006
,Jefferson Parish,LA,USA,434051
,East Baton Rouge Parish,LA,USA,440956
,Ascension Parish,LA,USA,124672
,Ouachita Parish,LA,USA,154475
,Rapides Parish,LA,USA,130562
,St. James Parish,LA,USA,21037
,West Baton Rouge Parish,LA,USA,26427
,Webster Parish,LA,USA,38798
,Washington Parish,LA,USA,46582
,Catahoula Parish,LA,USA,9608
,St. Tammany Parish,LA,USA,258111
,Caddo Parish,LA,USA,242922
,St. John the Baptist Parish,LA,USA,43184
,Lafourche Parish,LA,USA,98115
,St. Bernard Parish,LA,USA,46721
,St. Charles Parish,LA,USA,52879
,Terrebonne Parish,LA,USA,111021
,Bossier Parish,LA,USA,127185
,Iberville Parish,LA,USA,32721
,Lafayette Parish,LA,USA,242782
,Plaquemines Parish,LA,USA,23410
,De Soto Parish,LA,USA,27436
,Livingston Parish,LA,USA,139567
,Calcasieu Parish,LA,USA,203112
,Iberia Parish,LA,USA,70941
,St. Landry Parish,LA,USA,82764
,Tangipahoa Parish,LA,USA,133777
,Allen Parish,LA,USA,25605
,Claiborne Parish,LA,USA,15944
,Evangeline Parish,LA,USA,33443
,Lincoln Parish,LA,USA,47196
,Natchitoches Parish,LA,USA,38659
,Richland Parish,LA,USA,20192
,Acadia Parish,LA,USA,62190
,Assumption Parish,LA,USA,22300
,Avoyelles Parish,LA,USA,40462
,Beauregard Parish,LA,USA,37253
,Bienville Parish,LA,USA,13308
,Grant Parish,LA,USA,22482
,St. Mary Parish,LA,USA,49774
,Caldwell Parish,LA,USA,9960
,Cameron Parish,LA,USA,6968
,Concordia Parish,LA,USA,19572
,East Carroll Parish,LA,USA,7037
,East Feliciana Parish,LA,USA,19305
,Franklin Parish,LA,USA,20156
,Jackson Parish,LA,USA,15902
,Jefferson Davis Parish,LA,USA,31582
,LaSalle Parish,LA,USA,14917
,Madison Parish,LA,USA,11161
,Morehouse Parish,LA,USA,25398
,Pointe Coupee Parish,LA,USA,21940
,Red River Parish,LA,USA,8477
,Sabine Parish,LA,USA,24032
,St. Helena Parish,LA,USA,10262
,St. Martin Parish,LA,USA,53621
,Tensas Parish,LA,USA,4462
,Union Parish,LA,USA,22330
,Vermilion Parish,LA,USA,59830
,Vernon Parish,LA,USA,48860
,West Carroll Parish,LA,USA,10982
,West Feliciana Parish,LA,USA,15460
,Winn Parish,LA,USA,14134
,(unassigned),LA,USA,
,Barnstable County,MA,USA,213413
,Berkshire County,MA,USA,126348
,Bristol County,MA,USA,564022
,Dukes and Nantucket County,MA,USA,
,Essex County,MA,USA,790638
,Franklin County,MA,USA,70963
,Hampden County,MA,USA,470406
,Hampshire County,MA,USA,161355
,Middlesex County,MA,USA,1614714
,Norfolk County,MA,USA,705388
,Plymouth County,MA,USA,518132
,Suffolk County,MA,USA,807252
,Worcester County,MA,USA,830839
,Dukes County,MA,USA,17352
,Nantucket County,MA,USA,11327
,Allegany County,MD,USA,70975
,Anne Arundel County,MD,USA,576031
,Baltimore County,MD,USA,828431
,Baltimore City,MD,USA,
,Calvert County,MD,USA,92003
,Caroline County,MD,USA,33304
,Carroll County,MD,USA,168429
,Cecil County,MD,USA,102826
,Charles County,MD,USA,161503
,Dorchester County,MD,USA,31998
,Frederick County,MD,USA,255648
,Garrett County,MD,USA,29163
,Harford County,MD,USA,253956
,Howard County,MD,USA,323196
,Kent County,MD,USA,19383
,Montgomery County,MD,USA,1052567
,Prince George's County,MD,USA,909308
,Queen Anne's County,MD,USA,50251
,Somerset County,MD,USA,25675
,St. Mary's County,MD,USA,112664
,Talbot County,MD,USA,36968
,Washington County,MD,USA,150926
,Wicomico County,MD,USA,103195
,Worcester County,MD,USA,51823
,Androscoggin County,ME,USA,107679
,Aroostook County,ME,USA,67111
,Cumberland County,ME,USA,293557
,Franklin County,ME,USA,29897
,Hancock County,ME,USA,54811
,Kennebec County,ME,USA,122083
,Knox County,ME,USA,39771
,Lincoln County,ME,USA,34342
,Oxford County,ME,USA,57618
,Penobscot County,ME,USA,151096
,Piscataquis County,ME,USA,16800
,Sagadahoc County,ME,USA,35634
,Somerset County,ME,USA,50592
,Waldo County,ME,USA,39694
,Washington County,ME,USA,31490
,York County,ME,USA,206229
,(unassigned),ME,USA,
,Allegan County,MI,USA,117327
,Barry County,MI,USA,61157
,Bay County,MI,USA,103923
,Berrien County,MI,USA,154141
,Calhoun County,MI,USA,134487
,Charlevoix County,MI,USA,26244
,Chippewa County,MI,USA,37517
,Clare County,MI,USA,30757
,Clinton County,MI,USA,79332
,Eaton County,MI,USA,109826
,Emmet County,MI,USA,33308
,Genesee County,MI,USA,406892
,Gladwin County,MI,USA,25337
,Grand Traverse County,MI,USA,92573
,Ingham County,MI,USA,292735
,Jackson County,MI,USA,158823
,Kalamazoo County,MI,USA,264870
,Kent County,MI,USA,653786
,Leelanau County,MI,USA,21764
,Livingston County,MI,USA,191224
,Macomb County,MI,USA,874759
,Midland County,MI,USA,83209
,Monroe County,MI,USA,150439
,Montcalm County,MI,USA,63968
,Muskegon County,MI,USA,173588
,Newaygo County,MI,USA,48892
,Oakland County,MI,USA,1259201
,Otsego County,MI,USA,24665
,Ottawa County,MI,USA,290494
,Roscommon County,MI,USA,23884
,Saginaw County,MI,USA,190800
,St. Clair County,MI,USA,159337
,Tuscola County,MI,USA,52516
,Washtenaw County,MI,USA,370963
,Wayne County,MI,USA,1753893
,Wexford County,MI,USA,33466
,(unassigned),MI,USA,
,Alcona County,MI,USA,10362
,Alger County,MI,USA,9097
,Alpena County,MI,USA,28360
,Antrim County,MI,USA,23365
,Arenac County,MI,USA,15041
,Baraga County,MI,USA,8320
,Benzie County,MI,USA,17753
,Branch County,MI,USA,43622
,Cass County,MI,USA,51653
,Cheboygan County,MI,USA,25413
,Crawford County,MI,USA,13901
,Delta County,MI,USA,35857
,Dickinson County,MI,USA,25383
,Gogebic County,MI,USA,15096
,Gratiot County,MI,USA,40599
,Hillsdale County,MI,USA,45749
,Houghton County,MI,USA,36219
,Huron County,MI,USA,31166
,Ionia County,MI,USA,64210
,Iosco County,MI,USA,25081
,Iron County,MI,USA,11117
,Isabella County,MI,USA,70562
,Kalkaska County,MI,USA,17824
,Keweenaw County,MI,USA,2113
,Lake County,MI,USA,11881
,Lapeer County,MI,USA,88028
,Lenawee County,MI,USA,98266
,Luce County,MI,USA,6283
,Mackinac County,MI,USA,10787
,Manistee County,MI,USA,24528
,Marquette County,MI,USA,66516
,Mason County,MI,USA,29100
,Mecosta County,MI,USA,43545
,Menominee County,MI,USA,22983
,Missaukee County,MI,USA,15113
,Montmorency County,MI,USA,9265
,Oceana County,MI,USA,26625
,Ogemaw County,MI,USA,20952
,Ontonagon County,MI,USA,5795
,Osceola County,MI,USA,23341
,Oscoda County,MI,USA,8276
,Presque Isle County,MI,USA,12738
,St. Joseph County,MI,USA,61043
,Sanilac County,MI,USA,41182
,Schoolcraft County,MI,USA,8068
,Shiawassee County,MI,USA,68192
,Van Buren County,MI,USA,75448
,Anoka County,MN,USA,353813
,Benton County,MN,USA,40545
,Big Stone County,MN,USA,4989
,Blue Earth County,MN,USA,67427
,Carver County,MN,USA,103551
,Cass County,MN,USA,29519
,Chisago County,MN,USA,55922
,Clay County,MN,USA,63955
,Dakota County,MN,USA,425423
,Dodge County,MN,USA,20822
,Fillmore County,MN,USA,21058
,Hennepin County,MN,USA,1259428
,Jackson County,MN,USA,9911
,Lac Qui Parle County,MN,USA,
,Le Sueur County,MN,USA,28494
,Martin County,MN,USA,19785
,Mower County,MN,USA,40011
,Nicollet County,MN,USA,34220
,Olmsted County,MN,USA,156277
,Ramsey County,MN,USA,550210
,Renville County,MN,USA,14612
,Rice County,MN,USA,66523
,Scott County,MN,USA,147381
,Sherburne County,MN,USA,96036
,St. Louis County,MN,USA,199754
,Stearns County,MN,USA,159256
,Steele County,MN,USA,36803
,Wabasha County,MN,USA,21645
,Waseca County,MN,USA,18691
,Washington County,MN,USA,259201
,Wright County,MN,USA,136349
,Aitkin County,MN,USA,15902
,Becker County,MN,USA,34371
,Beltrami County,MN,USA,46847
,Brown County,MN,USA,25111
,Carlton County,MN,USA,35837
,Chippewa County,MN,USA,11924
,Clearwater County,MN,USA,8810
,Cook County,MN,USA,5393
,Cottonwood County,MN,USA,11277
,Crow Wing County,MN,USA,64889
,Douglas County,MN,USA,37964
,Faribault County,MN,USA,13758
,Freeborn County,MN,USA,30444
,Goodhue County,MN,USA,46403
,Grant County,MN,USA,6021
,Houston County,MN,USA,18578
,Hubbard County,MN,USA,21332
,Isanti County,MN,USA,39966
,Itasca County,MN,USA,45108
,Kanabec County,MN,USA,16207
,Kandiyohi County,MN,USA,42855
,Kittson County,MN,USA,4248
,Koochiching County,MN,USA,12440
,Lac qui Parle County,MN,USA,6658
,Lake County,MN,USA,10658
,Lake of the Woods County,MN,USA,3758
,Lincoln County,MN,USA,5673
,Lyon County,MN,USA,25629
,McLeod County,MN,USA,35873
,Mahnomen County,MN,USA,5519
,Marshall County,MN,USA,9390
,Meeker County,MN,USA,23141
,Mille Lacs County,MN,USA,26139
,Morrison County,MN,USA,33169
,Murray County,MN,USA,8276
,Nobles County,MN,USA,21924
,Norman County,MN,USA,6475
,Otter Tail County,MN,USA,58812
,Pennington County,MN,USA,14178
,Pine County,MN,USA,29483
,Pipestone County,MN,USA,9047
,Polk County,MN,USA,31529
,Pope County,MN,USA,11097
,Red Lake County,MN,USA,3999
,Redwood County,MN,USA,15249
,Rock County,MN,USA,9414
,Roseau County,MN,USA,15150
,Sibley County,MN,USA,15028
,Stevens County,MN,USA,9753
,Swift County,MN,USA,9345
,Todd County,MN,USA,24582
,Traverse County,MN,USA,3308
,Wadena County,MN,USA,13773
,Watonwan County,MN,USA,10980
,Wilkin County,MN,USA,6254
,Winona County,MN,USA,50825
,Yellow Medicine County,MN,USA,9795
,Adair County,MO,USA,25339
,Bates County,MO,USA,16320
,Boone County,MO,USA,180005
,Callaway County,MO,USA,44889
,Camden County,MO,USA,45815
,Cass County,MO,USA,104954
,Christian County,MO,USA,86983
,Clinton County,MO,USA,20470
,Cole County,MO,USA,76796
,Dunklin County,MO,USA,29423
,Greene County,MO,USA,291923
,Henry County,MO,USA,21792
,Jackson County,MO,USA,700307
,Jasper County,MO,USA,120636
,Johnson County,MO,USA,53652
,Lafayette County,MO,USA,32598
,Moniteau County,MO,USA,16121
,Perry County,MO,USA,19150
,Pulaski County,MO,USA,52014
,Scott County,MO,USA,38458
,St. Charles County,MO,USA,399182
,St. Francois County,MO,USA,66692
,St. Louis County,MO,USA,996945
,Taney County,MO,USA,55852
,(unassigned),MO,USA,
,Andrew County,MO,USA,17607
,Atchison County,MO,USA,5171
,Audrain County,MO,USA,25473
,Barry County,MO,USA,35886
,Barton County,MO,USA,11798
,Benton County,MO,USA,19278
,Bollinger County,MO,USA,12169
,Buchanan County,MO,USA,88571
,Butler County,MO,USA,42639
,Caldwell County,MO,USA,9108
,Cape Girardeau County,MO,USA,78753
,Carroll County,MO,USA,8743
,Carter County,MO,USA,6054
,Cedar County,MO,USA,14165
,Chariton County,MO,USA,7451
,Clark County,MO,USA,6842
,Clay County,MO,USA,246365
,Cooper County,MO,USA,17603
,Crawford County,MO,USA,23957
,Dade County,MO,USA,7569
,Dallas County,MO,USA,16762
,Daviess County,MO,USA,8313
,DeKalb County,MO,USA,12630
,Dent County,MO,USA,15441
,Douglas County,MO,USA,13373
,Franklin County,MO,USA,103670
,Gasconade County,MO,USA,14705
,Gentry County,MO,USA,6628
,Grundy County,MO,USA,9914
,Harrison County,MO,USA,8414
,Hickory County,MO,USA,9509
,Holt County,MO,USA,4404
,Howard County,MO,USA,10137
,Howell County,MO,USA,40076
,Iron County,MO,USA,10177
,Jefferson County,MO,USA,224347
,Knox County,MO,USA,3947
,Laclede County,MO,USA,35713
,Lawrence County,MO,USA,38359
,Lewis County,MO,USA,9855
,Lincoln County,MO,USA,57686
,Linn County,MO,USA,12037
,Livingston County,MO,USA,15146
,Macon County,MO,USA,15153
,Madison County,MO,USA,12188
,Maries County,MO,USA,8769
,Marion County,MO,USA,28592
,McDonald County,MO,USA,23078
,Mercer County,MO,USA,3641
,Miller County,MO,USA,25336
,Mississippi County,MO,USA,13336
,Monroe County,MO,USA,8664
,Montgomery County,MO,USA,11534
,Morgan County,MO,USA,20358
,New Madrid County,MO,USA,17296
,Newton County,MO,USA,58266
,Nodaway County,MO,USA,22304
,Oregon County,MO,USA,10541
,Osage County,MO,USA,13714
,Ozark County,MO,USA,9017
,Pemiscot County,MO,USA,16272
,Pettis County,MO,USA,42542
,Phelps County,MO,USA,44732
,Pike County,MO,USA,18504
,Platte County,MO,USA,102985
,Polk County,MO,USA,32201
,Putnam County,MO,USA,4757
,Ralls County,MO,USA,10212
,Randolph County,MO,USA,24763
,Ray County,MO,USA,22883
,Reynolds County,MO,USA,6254
,Ripley County,MO,USA,13401
,St. Clair County,MO,USA,9395
,Ste. Genevieve County,MO,USA,17888
,Saline County,MO,USA,22895
,Schuyler County,MO,USA,4599
,Scotland County,MO,USA,4966
,Shannon County,MO,USA,8189
,Shelby County,MO,USA,6050
,Stoddard County,MO,USA,29206
,Stone County,MO,USA,31749
,Sullivan County,MO,USA,6221
,Texas County,MO,USA,25571
,Vernon County,MO,USA,20528
,Warren County,MO,USA,34711
,Washington County,MO,USA,24943
,Wayne County,MO,USA,13122
,Webster County,MO,USA,39109
,Worth County,MO,USA,2040
,Wright County,MO,USA,18378
,Adams County,MS,USA,31192
,Attala County,MS,USA,18365
,Bolivar County,MS,USA,31333
,Chickasaw County,MS,USA,17171
,Clay County,MS,USA,19386
,Coahoma County,MS,USA,22628
,Copiah County,MS,USA,28543
,DeSoto County,MS,USA,182001
,Forrest County,MS,USA,75036
,Franklin County,MS,USA,7788
,George County,MS,USA,24250
,Grenada County,MS,USA,21055
,Hancock County,MS,USA,47334
,Harrison County,MS,USA,206650
,Hinds County,MS,USA,237085
,Holmes County,MS,USA,17622
,Humphreys County,MS,USA,8257
,Itawamba County,MS,USA,23517
,Jackson County,MS,USA,143277
,Jones County,MS,USA,68461
,Lafayette County,MS,USA,54793
,Lamar County,MS,USA,62447
,Lawrence County,MS,USA,12455
,Leake County,MS,USA,22763
,Lee County,MS,USA,85202
,Leflore County,MS,USA,28919
,Lincoln County,MS,USA,34205
,Lowndes County,MS,USA,58930
,Madison County,MS,USA,105630
,Marion County,MS,USA,24715
,Marshall County,MS,USA,35451
,Monroe County,MS,USA,35564
,Montgomery County,MS,USA,10023
,Oktibbeha County,MS,USA,49599
,Panola County,MS,USA,34178
,Pearl River County,MS,USA,55387
,Perry County,MS,USA,11931
,Pike County,MS,USA,39563
,Pontotoc County,MS,USA,31833
,Rankin County,MS,USA,153902
,Scott County,MS,USA,28287
,Simpson County,MS,USA,26758
,Smith County,MS,USA,16002
,Sunflower County,MS,USA,25735
,Tallahatchie County,MS,USA,13987
,Tate County,MS,USA,28759
,Tippah County,MS,USA,21995
,Tunica County,MS,USA,9944
,Union County,MS,USA,28606
,Walthall County,MS,USA,14465
,Washington County,MS,USA,45063
,Webster County,MS,USA,9788
,Wilkinson County,MS,USA,8792
,Winston County,MS,USA,18165
,Yazoo County,MS,USA,28248
,Alcorn County,MS,USA,36925
,Amite County,MS,USA,12326
,Benton County,MS,USA,8271
,Calhoun County,MS,USA,14436
,Carroll County,MS,USA,9911
,Choctaw County,MS,USA,8278
,Claiborne County,MS,USA,9002
,Clarke County,MS,USA,15604
,Covington County,MS,USA,18853
,Greene County,MS,USA,13586
,Issaquena County,MS,USA,1308
,Jasper County,MS,USA,16428
,Jefferson County,MS,USA,7106
,Jefferson Davis County,MS,USA,11234
,Kemper County,MS,USA,10027
,Lauderdale County,MS,USA,75317
,Neshoba County,MS,USA,29125
,Newton County,MS,USA,21443
,Noxubee County,MS,USA,10535
,Prentiss County,MS,USA,25315
,Quitman County,MS,USA,7051
,Sharkey County,MS,USA,4377
,Stone County,MS,USA,18717
,Tishomingo County,MS,USA,19454
,Warren County,MS,USA,46176
,Wayne County,MS,USA,20298
,Yalobusha County,MS,USA,12392
,Broadwater County,MT,USA,6085
,Cascade County,MT,USA,81643
,Flathead County,MT,USA,102106
,Gallatin County,MT,USA,111876
,Lewis and Clark County,MT,USA,68700
,Madison County,MT,USA,8768
,Missoula County,MT,USA,118791
,Ravalli County,MT,USA,43172
,Roosevelt County,MT,USA,11059
,Silver Bow County,MT,USA,34993
,Yellowstone County,MT,USA,160137
,Beaverhead County,MT,USA,9404
,Big Horn County,MT,USA,13338
,Blaine County,MT,USA,6807
,Carbon County,MT,USA,10714
,Carter County,MT,USA,1238
,Chouteau County,MT,USA,5745
,Custer County,MT,USA,11586
,Daniels County,MT,USA,1747
,Dawson County,MT,USA,8680
,Deer Lodge County,MT,USA,9131
,Fallon County,MT,USA,2920
,Fergus County,MT,USA,11113
,Garfield County,MT,USA,1268
,Glacier County,MT,USA,13747
,Golden Valley County,MT,USA,826
,Granite County,MT,USA,3378
,Hill County,MT,USA,16347
,Jefferson County,MT,USA,12097
,Judith Basin County,MT,USA,1952
,Lake County,MT,USA,30250
,Liberty County,MT,USA,2430
,Lincoln County,MT,USA,19794
,McCone County,MT,USA,1675
,Meagher County,MT,USA,1866
,Mineral County,MT,USA,4316
,Musselshell County,MT,USA,4651
,Park County,MT,USA,16736
,Petroleum County,MT,USA,513
,Phillips County,MT,USA,4074
,Pondera County,MT,USA,5972
,Powder River County,MT,USA,1716
,Powell County,MT,USA,6968
,Prairie County,MT,USA,1087
,Richland County,MT,USA,10913
,Rosebud County,MT,USA,9063
,Sanders County,MT,USA,11844
,Sheridan County,MT,USA,3424
,Stillwater County,MT,USA,9534
,Sweet Grass County,MT,USA,3710
,Teton County,MT,USA,6162
,Toole County,MT,USA,4853
,Treasure County,MT,USA,679
,Valley County,MT,USA,7437
,Wheatland County,MT,USA,2236
,Wibaux County,MT,USA,1034
,Rockingham County,NC,USA,90690
,Guilford County,NC,USA,533670
,Alamance County,NC,USA,166436
,Alexander County,NC,USA,37353
,Randolph County,NC,USA,143351
,Wayne County,NC,USA,123248
,Ashe County,NC,USA,27109
,Alleghany County,NC,USA,11161
,Currituck County,NC,USA,27072
,Camden County,NC,USA,10710
,Surry County,NC,USA,71948
,Gates County,NC,USA,11573
,Hertford County,NC,USA,23659
,Northampton County,NC,USA,19676
,Stokes County,NC,USA,45467
,Warren County,NC,USA,19807
,Vance County,NC,USA,44582
,Granville County,NC,USA,60115
,Caswell County,NC,USA,22698
,Person County,NC,USA,39507
,Pasquotank County,NC,USA,39639
,Halifax County,NC,USA,50574
,Wilkes County,NC,USA,68557
,Watauga County,NC,USA,55945
,Perquimans County,NC,USA,13422
,Chowan County,NC,USA,14029
,Avery County,NC,USA,17505
,Yadkin County,NC,USA,37543
,Dare County,NC,USA,36501
,Forsyth County,NC,USA,379099
,Franklin County,NC,USA,67560
,Bertie County,NC,USA,19026
,Orange County,NC,USA,146027
,Durham County,NC,USA,316739
,Nash County,NC,USA,94016
,Mitchell County,NC,USA,15000
,Edgecombe County,NC,USA,52005
,Caldwell County,NC,USA,82029
,Tyrrell County,NC,USA,4131
,Yancey County,NC,USA,17903
,Madison County,NC,USA,21763
,Martin County,NC,USA,22671
,Wake County,NC,USA,1092305
,Davie County,NC,USA,42733
,Washington County,NC,USA,11859
,Burke County,NC,USA,90382
,Davidson County,NC,USA,166614
,McDowell County,NC,USA,45507
,Chatham County,NC,USA,73139
,Wilson County,NC,USA,81455
,Buncombe County,NC,USA,259103
,Haywood County,NC,USA,61971
,Catawba County,NC,USA,158652
,Pitt County,NC,USA,179914
,Johnston County,NC,USA,202675
,Swain County,NC,USA,14245
,Beaufort County,NC,USA,47079
,Hyde County,NC,USA,5230
,Greene County,NC,USA,21012
,Rutherford County,NC,USA,66826
,Lee County,NC,USA,61452
,Cleveland County,NC,USA,97645
,Jackson County,NC,USA,43327
,Harnett County,NC,USA,134214
,Graham County,NC,USA,8484
,Henderson County,NC,USA,116748
,Moore County,NC,USA,98682
,Montgomery County,NC,USA,27271
,Stanly County,NC,USA,62075
,Transylvania County,NC,USA,34215
,Polk County,NC,USA,20611
,Lenoir County,NC,USA,55976
,Craven County,NC,USA,102912
,Macon County,NC,USA,35285
,Cherokee County,NC,USA,28383
,Pamlico County,NC,USA,12670
,Sampson County,NC,USA,63626
,Cumberland County,NC,USA,332330
,Clay County,NC,USA,11139
,Jones County,NC,USA,9637
,Carteret County,NC,USA,69524
,Union County,NC,USA,235908
,Anson County,NC,USA,24877
,Hoke County,NC,USA,54764
,Duplin County,NC,USA,58856
,Richmond County,NC,USA,44887
,Scotland County,NC,USA,34810
,Onslow County,NC,USA,197683
,Robeson County,NC,USA,131831
,Bladen County,NC,USA,33190
,Pender County,NC,USA,62162
,Columbus County,NC,USA,55655
,New Hanover County,NC,USA,232274
,Brunswick County,NC,USA,136744
,Iredell County,NC,USA,178435
,Rowan County,NC,USA,141262
,Lincoln County,NC,USA,83770
,Mecklenburg County,NC,USA,1093901
,Cabarrus County,NC,USA,211342
,Gaston County,NC,USA,222846
,Coos County,NH,USA,31589
,Grafton County,NH,USA,89786
,Carroll County,NH,USA,48779
,Belknap County,NH,USA,61022
,Merrimack County,NH,USA,151132
,Sullivan County,NH,USA,43144
,Cheshire County,NH,USA,76493
,Hillsborough County,NH,USA,415247
,Rockingham County,NH,USA,309176
,Strafford County,NH,USA,130090
,Atlantic County,NJ,USA,265429
,Bergen County,NJ,USA,936692
,Burlington County,NJ,USA,445384
,Camden County,NJ,USA,507078
,Cape May County,NJ,USA,92560
,Essex County,NJ,USA,799767
,Gloucester County,NJ,USA,291408
,Hudson County,NJ,USA,676061
,Hunterdon County,NJ,USA,124714
,Mercer County,NJ,USA,369811
,Monmouth County,NJ,USA,621354
,Ocean County,NJ,USA,601651
,Passaic County,NJ,USA,503310
,Somerset County,NJ,USA,331164
,Sussex County,NJ,USA,140799
,Union County,NJ,USA,558067
,Warren County,NJ,USA,105779
,Morris County,NJ,USA,494228
,Middlesex County,NJ,USA,829685
,Cumberland County,NJ,USA,150972
,Salem County,NJ,USA,62607
,Bernalillo County,NM,USA,678701
,Catron County,NM,USA,3578
,Chaves County,NM,USA,64689
,Cibola County,NM,USA,26746
,Colfax County,NM,USA,12110
,Curry County,NM,USA,49437
,De Baca County,NM,USA,1781
,Doña Ana County,NM,USA,217522
,Eddy County,NM,USA,57900
,Grant County,NM,USA,27346
,Guadalupe County,NM,USA,4341
,Harding County,NM,USA,655
,Hidalgo County,NM,USA,4240
,Lea County,NM,USA,69611
,Lincoln County,NM,USA,19556
,Los Alamos County,NM,USA,19101
,Luna County,NM,USA,23963
,McKinley County,NM,USA,72290
,Mora County,NM,USA,4506
,Otero County,NM,USA,66781
,Quay County,NM,USA,8253
,Rio Arriba County,NM,USA,39006
,Roosevelt County,NM,USA,18743
,San Juan County,NM,USA,125043
,San Miguel County,NM,USA,27591
,Sandoval County,NM,USA,145179
,Santa Fe County,NM,USA,150056
,Sierra County,NM,USA,10968
,Socorro County,NM,USA,16735
,Taos County,NM,USA,32835
,Torrance County,NM,USA,15591
,Union County,NM,USA,4118
,Valencia County,NM,USA,76456
,Clark County,NV,USA,2231647
,Albany County,NY,USA,307117
,Allegany County,NY,USA,46430
,Broome County,NY,USA,191659
,Cayuga County,NY,USA,77145
,Chenango County,NY,USA,47536
,Clinton County,NY,USA,80695
,Columbia County,NY,USA,59916
,Cortland County,NY,USA,47823
,Delaware County,NY,USA,44527
,Dutchess County,NY,USA,293718
,Erie County,NY,USA,919719
,Essex County,NY,USA,37300
,Fulton County,NY,USA,53591
,Genesee County,NY,USA,57511
,Greene County,NY,USA,47491
,Hamilton County,NY,USA,4434
,Herkimer County,NY,USA,61833
,Jefferson County,NY,USA,111755
,Livingston County,NY,USA,63227
,Madison County,NY,USA,70795
,Monroe County,NY,USA,742474
,Montgomery County,NY,USA,49455
,Nassau County,NY,USA,1358343
,Niagara County,NY,USA,210433
New York City,,NY,USA,8398748
,Oneida County,NY,USA,229577
,Onondaga County,NY,USA,461809
,Ontario County,NY,USA,109864
,Orange County,NY,USA,381951
,Oswego County,NY,USA,117898
,Otsego County,NY,USA,59749
,Putnam County,NY,USA,98892
,Rensselaer County,NY,USA,159442
,Rockland County,NY,USA,325695
,Saratoga County,NY,USA,230163
,Schenectady County,NY,USA,155350
,Schoharie County,NY,USA,31097
,St. Lawrence County,NY,USA,108047
,Steuben County,NY,USA,95796
,Suffolk County,NY,USA,1481093
,Sullivan County,NY,USA,75498
,Tioga County,NY,USA,48560
,Tompkins County,NY,USA,102793
,Ulster County,NY,USA,178599
,Warren County,NY,USA,64265
,Washington County,NY,USA,61197
,Wayne County,NY,USA,90064
,Westchester County,NY,USA,967612
,Wyoming County,NY,USA,40085
,Bronx County,NY,USA,1432132
,Kings County,NY,USA,2582830
,New York County,NY,USA,1628701
,Queens County,NY,USA,2278906
,Richmond County,NY,USA,476179
,Cattaraugus County,NY,USA,76840
,Chautauqua County,NY,USA,127939
,Chemung County,NY,USA,84254
,Franklin County,NY,USA,50293
,Lewis County,NY,USA,26447
,Orleans County,NY,USA,40612
,Schuyler County,NY,USA,17912
,Seneca County,NY,USA,34300
,Yates County,NY,USA,24841
,Ashland County,OH,USA,53745
,Ashtabula County,OH,USA,97493
,Belmont County,OH,USA,67505
,Butler County,OH,USA,382378
,Carroll County,OH,USA,27081
,Clark County,OH,USA,134585
,Clermont County,OH,USA,205466
,Clinton County,OH,USA,42057
,Columbiana County,OH,USA,102665
,Coshocton County,OH,USA,36629
,Cuyahoga County,OH,USA,1243857
,Darke County,OH,USA,51323
,Defiance County,OH,USA,38165
,Delaware County,OH,USA,204826
,Erie County,OH,USA,74615
,Franklin County,OH,USA,1310300
,Gallia County,OH,USA,29979
,Geauga County,OH,USA,94031
,Greene County,OH,USA,167995
,Hamilton County,OH,USA,816684
,Hancock County,OH,USA,75930
,Highland County,OH,USA,43058
,Huron County,OH,USA,58504
,Knox County,OH,USA,61893
,Lake County,OH,USA,230514
,Licking County,OH,USA,175769
,Logan County,OH,USA,45358
,Lorain County,OH,USA,309461
,Lucas County,OH,USA,429899
,Madison County,OH,USA,44413
,Mahoning County,OH,USA,229642
,Marion County,OH,USA,65256
,Medina County,OH,USA,179146
,Miami County,OH,USA,106222
,Montgomery County,OH,USA,532331
,Portage County,OH,USA,162927
,Richland County,OH,USA,121099
,Sandusky County,OH,USA,58799
,Stark County,OH,USA,371574
,Summit County,OH,USA,541918
,Trumbull County,OH,USA,198627
,Tuscarawas County,OH,USA,92176
,Union County,OH,USA,57835
,Warren County,OH,USA,232173
,Washington County,OH,USA,60155
,Wood County,OH,USA,130696
,Adams County,OH,USA,27724
,Allen County,OH,USA,102663
,Athens County,OH,USA,65818
,Auglaize County,OH,USA,45804
,Brown County,OH,USA,43602
,Champaign County,OH,USA,38754
,Crawford County,OH,USA,41550
,Fairfield County,OH,USA,155782
,Fayette County,OH,USA,28666
,Fulton County,OH,USA,42276
,Guernsey County,OH,USA,39022
,Hardin County,OH,USA,31480
,Harrison County,OH,USA,15174
,Henry County,OH,USA,27086
,Hocking County,OH,USA,28385
,Holmes County,OH,USA,43892
,Jackson County,OH,USA,32384
,Jefferson County,OH,USA,65767
,Lawrence County,OH,USA,59866
,Meigs County,OH,USA,23106
,Mercer County,OH,USA,40959
,Monroe County,OH,USA,13790
,Morgan County,OH,USA,14604
,Morrow County,OH,USA,35112
,Muskingum County,OH,USA,86183
,Noble County,OH,USA,14354
,Ottawa County,OH,USA,40769
,Paulding County,OH,USA,18760
,Perry County,OH,USA,36033
,Pickaway County,OH,USA,58086
,Pike County,OH,USA,28067
,Preble County,OH,USA,40997
,Putnam County,OH,USA,33780
,Ross County,OH,USA,76931
,Scioto County,OH,USA,75502
,Seneca County,OH,USA,55207
,Shelby County,OH,USA,48627
,Van Wert County,OH,USA,28281
,Vinton County,OH,USA,13139
,Wayne County,OH,USA,115967
,Williams County,OH,USA,36804
,Wyandot County,OH,USA,21935
,Canadian County,OK,USA,144447
,Cleveland County,OK,USA,281669
,Custer County,OK,USA,29036
,Garvin County,OK,USA,27811
,Grady County,OK,USA,55551
,Jackson County,OK,USA,24949
,Kay County,OK,USA,44161
,Logan County,OK,USA,47291
,McClain County,OK,USA,39985
,Muskogee County,OK,USA,68362
,Noble County,OK,USA,11289
,Oklahoma County,OK,USA,792582
,Pawnee County,OK,USA,16390
,Payne County,OK,USA,82040
,Pontotoc County,OK,USA,38247
,Tulsa County,OK,USA,648360
,Washington County,OK,USA,51843
,Adair County,OK,USA,22082
,Alfalfa County,OK,USA,5754
,Atoka County,OK,USA,13838
,Beaver County,OK,USA,5319
,Beckham County,OK,USA,21709
,Blaine County,OK,USA,9485
,Bryan County,OK,USA,47192
,Caddo County,OK,USA,28977
,Carter County,OK,USA,48177
,Cherokee County,OK,USA,48675
,Choctaw County,OK,USA,14668
,Cimarron County,OK,USA,2153
,Coal County,OK,USA,5520
,Comanche County,OK,USA,120422
,Cotton County,OK,USA,5776
,Craig County,OK,USA,14306
,Creek County,OK,USA,71604
,Delaware County,OK,USA,42733
,Dewey County,OK,USA,4894
,Ellis County,OK,USA,3952
,Garfield County,OK,USA,60913
,Grant County,OK,USA,4326
,Greer County,OK,USA,5821
,Harmon County,OK,USA,2664
,Harper County,OK,USA,3797
,Haskell County,OK,USA,12668
,Hughes County,OK,USA,13335
,Jefferson County,OK,USA,6123
,Johnston County,OK,USA,10949
,Kingfisher County,OK,USA,15816
,Kiowa County,OK,USA,8729
,Latimer County,OK,USA,10231
,Le Flore County,OK,USA,49980
,Lincoln County,OK,USA,34920
,Love County,OK,USA,10134
,Major County,OK,USA,7644
,Marshall County,OK,USA,16806
,Mayes County,OK,USA,41107
,McCurtain County,OK,USA,32703
,McIntosh County,OK,USA,19815
,Murray County,OK,USA,13953
,Nowata County,OK,USA,10218
,Okfuskee County,OK,USA,12098
,Okmulgee County,OK,USA,38335
,Osage County,OK,USA,47014
,Ottawa County,OK,USA,31175
,Pittsburg County,OK,USA,43877
,Pottawatomie County,OK,USA,72679
,Pushmataha County,OK,USA,11179
,Roger Mills County,OK,USA,3656
,Rogers County,OK,USA,91984
,Seminole County,OK,USA,24578
,Sequoyah County,OK,USA,41179
,Stephens County,OK,USA,43265
,Texas County,OK,USA,20455
,Tillman County,OK,USA,7348
,Wagoner County,OK,USA,80110
,Washita County,OK,USA,11127
,Woods County,OK,USA,8897
,Woodward County,OK,USA,20222
,Baker County,OR,USA,16006
,Benton County,OR,USA,92101
,Clackamas County,OR,USA,416075
,Clatsop County,OR,USA,39764
,Columbia County,OR,USA,52377
,Coos County,OR,USA,64389
,Crook County,OR,USA,23867
,Curry County,OR,USA,22813
,Deschutes County,OR,USA,191996
,Douglas County,OR,USA,110283
,Gilliam County,OR,USA,1894
,Grant County,OR,USA,7176
,Harney County,OR,USA,7329
,Hood River County,OR,USA,23428
,Jackson County,OR,USA,219564
,Jefferson County,OR,USA,24192
,Josephine County,OR,USA,87393
,Klamath County,OR,USA,67653
,Lake County,OR,USA,7879
,Lane County,OR,USA,379611
,Lincoln County,OR,USA,49388
,Linn County,OR,USA,127335
,Malheur County,OR,USA,30725
,Marion County,OR,USA,346868
,Morrow County,OR,USA,11372
,Multnomah County,OR,USA,811880
,Polk County,OR,USA,85234
,Sherman County,OR,USA,1708
,Tillamook County,OR,USA,26787
,Umatilla County,OR,USA,77516
,Union County,OR,USA,26461
,Wallowa County,OR,USA,7081
,Wasco County,OR,USA,26505
,Washington County,OR,USA,597695
,Wheeler County,OR,USA,1366
,Yamhill County,OR,USA,107002
,Adams County,PA,USA,102811
,Allegheny County,PA,USA,1218452
,Beaver County,PA,USA,164742
,Berks County,PA,USA,420152
,Bucks County,PA,USA,628195
,Butler County,PA,USA,187888
,Cambria County,PA,USA,131730
,Centre County,PA,USA,162805
,Chester County,PA,USA,522046
,Columbia County,PA,USA,65456
,Cumberland County,PA,USA,251423
,Dauphin County,PA,USA,277097
,Delaware County,PA,USA,564751
,Erie County,PA,USA,272061
,Fayette County,PA,USA,130441
,Franklin County,PA,USA,154835
,Lackawanna County,PA,USA,210793
,Lancaster County,PA,USA,543557
,Lebanon County,PA,USA,141314
,Lehigh County,PA,USA,368100
,Luzerne County,PA,USA,317646
,Mercer County,PA,USA,110683
,Monroe County,PA,USA,169507
,Montgomery County,PA,USA,828604
,Montour County,PA,USA,18240
,Northampton County,PA,USA,304807
,Philadelphia County,PA,USA,1584138
,Pike County,PA,USA,55933
,Potter County,PA,USA,16622
,Schuylkill County,PA,USA,142067
,Washington County,PA,USA,207346
,Wayne County,PA,USA,51276
,Westmoreland County,PA,USA,350611
,York County,PA,USA,448273
,Armstrong County,PA,USA,65263
,Bedford County,PA,USA,48176
,Blair County,PA,USA,122492
,Bradford County,PA,USA,60833
,Cameron County,PA,USA,4492
,Carbon County,PA,USA,64227
,Clarion County,PA,USA,38779
,Clearfield County,PA,USA,79388
,Clinton County,PA,USA,38684
,Crawford County,PA,USA,85063
,Elk County,PA,USA,30169
,Forest County,PA,USA,7279
,Fulton County,PA,USA,14523
,Greene County,PA,USA,36506
,Huntingdon County,PA,USA,45168
,Indiana County,PA,USA,84501
,Jefferson County,PA,USA,43641
,Juniata County,PA,USA,24704
,Lawrence County,PA,USA,86184
,Lycoming County,PA,USA,113664
,McKean County,PA,USA,40968
,Mifflin County,PA,USA,46222
,Northumberland County,PA,USA,91083
,Perry County,PA,USA,46139
,Snyder County,PA,USA,40540
,Somerset County,PA,USA,73952
,Sullivan County,PA,USA,6071
,Susquehanna County,PA,USA,40589
,Tioga County,PA,USA,40763
,Union County,PA,USA,44785
,Venango County,PA,USA,51266
,Warren County,PA,USA,39498
,Wyoming County,PA,USA,27046
,Bristol County,RI,USA,48649
,Kent County,RI,USA,163861
,Newport County,RI,USA,82542
,Providence County,RI,USA,636084
,Washington County,RI,USA,126179
,,RI,USA,1059361
,Kershaw County,SC,USA,65592
,Richland County,SC,USA,414576
,Charleston County,SC,USA,405905
,Greenville County,SC,USA,514213
,Beaufort County,SC,USA,188715
,Lexington County,SC,USA,295032
,Horry County,SC,USA,344147
,Anderson County,SC,USA,200482
,Orangeburg County,SC,USA,86934
,Darlington County,SC,USA,66802
,Lancaster County,SC,USA,95380
,York County,SC,USA,274118
,Berkeley County,SC,USA,221091
,Clarendon County,SC,USA,33700
,Sumter County,SC,USA,106512
,Florence County,SC,USA,138159
,Spartanburg County,SC,USA,313888
,Dorchester County,SC,USA,160647
,Fairfield County,SC,USA,22402
,Georgetown County,SC,USA,62249
,Greenwood County,SC,USA,70741
,Lee County,SC,USA,17142
,Oconee County,SC,USA,78374
,Abbeville County,SC,USA,24541
,Aiken County,SC,USA,169401
,Calhoun County,SC,USA,14520
,Chester County,SC,USA,32251
,Colleton County,SC,USA,37660
,Dillon County,SC,USA,30599
,Edgefield County,SC,USA,27052
,Jasper County,SC,USA,28971
,Newberry County,SC,USA,38520
,Pickens County,SC,USA,124937
,Saluda County,SC,USA,20544
,Allendale County,SC,USA,8903
,Bamberg County,SC,USA,14275
,Barnwell County,SC,USA,21112
,Cherokee County,SC,USA,57078
,Chesterfield County,SC,USA,45754
,Hampton County,SC,USA,19351
,Laurens County,SC,USA,66994
,McCormick County,SC,USA,9410
,Marion County,SC,USA,31039
,Marlboro County,SC,USA,26398
,Union County,SC,USA,27410
,Williamsburg County,SC,USA,30606
,Beadle County,SD,USA,18883
,Bon Homme County,SD,USA,6980
,Brown County,SD,USA,39316
,Charles Mix County,SD,USA,9338
,Codington County,SD,USA,28015
,Davison County,SD,USA,19790
,Hughes County,SD,USA,17650
,Lyman County,SD,USA,3821
,McCook County,SD,USA,5546
,Minnehaha County,SD,USA,192876
,Pennington County,SD,USA,111729
,Aurora County,SD,USA,2801
,Bennett County,SD,USA,3468
,Brookings County,SD,USA,35232
,Brule County,SD,USA,5229
,Buffalo County,SD,USA,2036
,Butte County,SD,USA,10222
,Campbell County,SD,USA,1377
,Clark County,SD,USA,3739
,Clay County,SD,USA,14041
,Corson County,SD,USA,4165
,Custer County,SD,USA,8726
,Day County,SD,USA,5505
,Deuel County,SD,USA,4337
,Dewey County,SD,USA,5904
,Douglas County,SD,USA,2935
,Edmunds County,SD,USA,3875
,Fall River County,SD,USA,6758
,Faulk County,SD,USA,2330
,Grant County,SD,USA,7147
,Gregory County,SD,USA,4212
,Haakon County,SD,USA,1918
,Hamlin County,SD,USA,6111
,Hand County,SD,USA,3262
,Hanson County,SD,USA,3376
,Harding County,SD,USA,1249
,Hutchinson County,SD,USA,7380
,Hyde County,SD,USA,1282
,Jackson County,SD,USA,3307
,Jerauld County,SD,USA,2043
,Jones County,SD,USA,928
,Kingsbury County,SD,USA,4919
,Lake County,SD,USA,13057
,Lawrence County,SD,USA,25741
,Lincoln County,SD,USA,58807
,Marshall County,SD,USA,5112
,McPherson County,SD,USA,2407
,Meade County,SD,USA,28294
,Mellette County,SD,USA,2042
,Miner County,SD,USA,2213
,Moody County,SD,USA,6579
,Oglala Lakota County,SD,USA,14309
,Perkins County,SD,USA,2922
,Potter County,SD,USA,2207
,Roberts County,SD,USA,10447
,Sanborn County,SD,USA,2429
,Spink County,SD,USA,6495
,Stanley County,SD,USA,3022
,Sully County,SD,USA,1392
,Todd County,SD,USA,10283
,Tripp County,SD,USA,5478
,Turner County,SD,USA,8424
,Union County,SD,USA,15619
,Walworth County,SD,USA,5587
,Yankton County,SD,USA,22869
,Ziebach County,SD,USA,2742
,Anderson County,TN,USA,76482
,Blount County,TN,USA,131349
,Bradley County,TN,USA,106727
,Campbell County,TN,USA,39583
,Carroll County,TN,USA,28020
,Cheatham County,TN,USA,40439
,Chester County,TN,USA,17276
,Claiborne County,TN,USA,31756
,Cocke County,TN,USA,35774
,Cumberland County,TN,USA,59673
,Davidson County,TN,USA,692587
,Dekalb County,TN,USA,
,Dickson County,TN,USA,53446
,Dyer County,TN,USA,37320
,Fayette County,TN,USA,40507
,Franklin County,TN,USA,41890
,Gibson County,TN,USA,49045
,Greene County,TN,USA,69087
,Hamblen County,TN,USA,64569
,Hamilton County,TN,USA,364286
,Hardin County,TN,USA,25776
,Houston County,TN,USA,8263
,Jefferson County,TN,USA,54012
,Knox County,TN,USA,465289
,Lincoln County,TN,USA,34117
,Loudon County,TN,USA,53054
,Marion County,TN,USA,28575
,Maury County,TN,USA,94340
,McMinn County,TN,USA,53285
,Monroe County,TN,USA,46357
,Montgomery County,TN,USA,205950
,Perry County,TN,USA,8064
,Putnam County,TN,USA,78843
,Roane County,TN,USA,53140
,Robertson County,TN,USA,71012
,Rutherford County,TN,USA,324890
,Scott County,TN,USA,22039
,Sevier County,TN,USA,97892
,Shelby County,TN,USA,935764
,Sullivan County,TN,USA,157668
,Sumner County,TN,USA,187149
,Tipton County,TN,USA,61581
,Washington County,TN,USA,128607
,Weakley County,TN,USA,33415
,Williamson County,TN,USA,231729
,Wilson County,TN,USA,140625
,(unassigned),TN,USA,
,Bedford County,TN,USA,49038
,Benton County,TN,USA,16184
,Bledsoe County,TN,USA,14755
,Cannon County,TN,USA,14462
,Carter County,TN,USA,56351
,Clay County,TN,USA,7717
,Coffee County,TN,USA,55700
,Crockett County,TN,USA,14328
,Decatur County,TN,USA,11706
,DeKalb County,TN,USA,20138
,Fentress County,TN,USA,18217
,Giles County,TN,USA,29503
,Grainger County,TN,USA,23145
,Grundy County,TN,USA,13346
,Hancock County,TN,USA,6549
,Hardeman County,TN,USA,25220
,Hawkins County,TN,USA,56530
,Haywood County,TN,USA,17335
,Henderson County,TN,USA,27847
,Henry County,TN,USA,32358
,Hickman County,TN,USA,25063
,Humphreys County,TN,USA,18486
,Jackson County,TN,USA,11758
,Johnson County,TN,USA,17778
,Lake County,TN,USA,7411
,Lauderdale County,TN,USA,25825
,Lawrence County,TN,USA,43734
,Lewis County,TN,USA,12086
,Macon County,TN,USA,24265
,Madison County,TN,USA,97605
,Marshall County,TN,USA,33683
,McNairy County,TN,USA,25832
,Meigs County,TN,USA,12306
,Moore County,TN,USA,6411
,Morgan County,TN,USA,21579
,Obion County,TN,USA,30267
,Overton County,TN,USA,22068
,Pickett County,TN,USA,5082
,Polk County,TN,USA,16898
,Rhea County,TN,USA,33044
,Sequatchie County,TN,USA,14876
,Smith County,TN,USA,19942
,Stewart County,TN,USA,13561
,Trousdale County,TN,USA,11012
,Unicoi County,TN,USA,17761
,Union County,TN,USA,19688
,Van Buren County,TN,USA,5765
,Warren County,TN,USA,40878
,Wayne County,TN,USA,16558
,White County,TN,USA,27107
,Bell County,TX,USA,355642
,Bexar County,TX,USA,1986049
,Bowie County,TX,USA,94324
,Brazoria County,TX,USA,370200
,Brazos County,TX,USA,226758
,Brown County,TX,USA,37924
,Cameron County,TX,USA,423908
,Castro County,TX,USA,7665
,Chambers County,TX,USA,42454
,Collin County,TX,USA,1005146
,Comal County,TX,USA,148373
,Crane County,TX,USA,4794
,Dallas County,TX,USA,2637772
,Deaf Smith County,TX,USA,18760
,Denton County,TX,USA,859064
,DeWitt County,TX,USA,20187
,El Paso County,TX,USA,840758
,Ellis County,TX,USA,179436
,Falls County,TX,USA,17335
,Fannin County,TX,USA,35286
,Fort Bend County,TX,USA,787858
,Galveston County,TX,USA,337890
,Gregg County,TX,USA,123707
,Harris County,TX,USA,4698619
,Hays County,TX,USA,222631
,Hidalgo County,TX,USA,865939
,Hockley County,TX,USA,22980
,Johnson County,TX,USA,171361
,Lavaca County,TX,USA,20110
,Lubbock County,TX,USA,307412
,Matagorda County,TX,USA,36552
,McLennan County,TX,USA,254607
,Medina County,TX,USA,50921
,Midland County,TX,USA,172578
,Montgomery County,TX,USA,590925
,Nueces County,TX,USA,362265
,Oldham County,TX,USA,2131
,Parker County,TX,USA,138371
,Potter County,TX,USA,119648
,Rusk County,TX,USA,54450
,Smith County,TX,USA,230221
,Tarrant County,TX,USA,2084931
,Travis County,TX,USA,1248743
,Webb County,TX,USA,275910
,Wichita County,TX,USA,132064
,Williamson County,TX,USA,566719
,Anderson County,TX,USA,58057
,Andrews County,TX,USA,18128
,Angelina County,TX,USA,87092
,Aransas County,TX,USA,23792
,Archer County,TX,USA,8786
,Armstrong County,TX,USA,1892
,Atascosa County,TX,USA,50310
,Austin County,TX,USA,29989
,Bailey County,TX,USA,7027
,Bandera County,TX,USA,22824
,Bastrop County,TX,USA,86976
,Baylor County,TX,USA,3582
,Bee County,TX,USA,32587
,Blanco County,TX,USA,11702
,Borden County,TX,USA,648
,Bosque County,TX,USA,18691
,Brewster County,TX,USA,9267
,Briscoe County,TX,USA,1516
,Brooks County,TX,USA,7114
,Burleson County,TX,USA,18389
,Burnet County,TX,USA,47542
,Caldwell County,TX,USA,43247
,Calhoun County,TX,USA,21561
,Callahan County,TX,USA,13994
,Camp County,TX,USA,13033
,Carson County,TX,USA,6005
,Cass County,TX,USA,30119
,Cherokee County,TX,USA,52592
,Childress County,TX,USA,7291
,Clay County,TX,USA,10456
,Cochran County,TX,USA,2836
,Coke County,TX,USA,3370
,Coleman County,TX,USA,8397
,Collingsworth County,TX,USA,2962
,Colorado County,TX,USA,21217
,Comanche County,TX,USA,13534
,Concho County,TX,USA,4276
,Cooke County,TX,USA,40574
,Coryell County,TX,USA,74808
,Cottle County,TX,USA,1389
,Crockett County,TX,USA,3499
,Crosby County,TX,USA,5779
,Culberson County,TX,USA,2204
,Dallam County,TX,USA,7200
,Dawson County,TX,USA,12619
,Delta County,TX,USA,5349
,Dickens County,TX,USA,2249
,Dimmit County,TX,USA,10308
,Donley County,TX,USA,3319
,Duval County,TX,USA,11212
,Eastland County,TX,USA,18322
,Ector County,TX,USA,162124
,Edwards County,TX,USA,1928
,Erath County,TX,USA,42446
,Fayette County,TX,USA,25349
,Fisher County,TX,USA,3839
,Floyd County,TX,USA,5837
,Foard County,TX,USA,1200
,Franklin County,TX,USA,10766
,Freestone County,TX,USA,19808
,Frio County,TX,USA,19816
,Gaines County,TX,USA,20901
,Garza County,TX,USA,6578
,Gillespie County,TX,USA,26804
,Glasscock County,TX,USA,1388
,Goliad County,TX,USA,7584
,Gonzales County,TX,USA,20826
,Gray County,TX,USA,21895
,Grayson County,TX,USA,133991
,Grimes County,TX,USA,28360
,Guadalupe County,TX,USA,163694
,Hale County,TX,USA,33830
,Hall County,TX,USA,3028
,Hamilton County,TX,USA,8484
,Hansford County,TX,USA,5463
,Hardeman County,TX,USA,3922
,Hardin County,TX,USA,57207
,Harrison County,TX,USA,66726
,Hartley County,TX,USA,5619
,Haskell County,TX,USA,5813
,Hemphill County,TX,USA,3825
,Henderson County,TX,USA,82299
,Hill County,TX,USA,36354
,Hood County,TX,USA,60537
,Hopkins County,TX,USA,36810
,Houston County,TX,USA,23169
,Howard County,TX,USA,36459
,Hudspeth County,TX,USA,4795
,Hunt County,TX,USA,96493
,Hutchinson County,TX,USA,21198
,Irion County,TX,USA,1522
,Jack County,TX,USA,8843
,Jackson County,TX,USA,14874
,Jasper County,TX,USA,35872
,Jeff Davis County,TX,USA,2252
,Jefferson County,TX,USA,255001
,Jim Hogg County,TX,USA,5248
,Jim Wells County,TX,USA,40822
,Jones County,TX,USA,19817
,Karnes County,TX,USA,15650
,Kaufman County,TX,USA,128622
,Kendall County,TX,USA,45641
,Kenedy County,TX,USA,442
,Kent County,TX,USA,726
,Kerr County,TX,USA,52405
,Kimble County,TX,USA,4362
,King County,TX,USA,277
,Kinney County,TX,USA,3767
,Kleberg County,TX,USA,31129
,Knox County,TX,USA,3653
,Lamar County,TX,USA,49728
,Lamb County,TX,USA,13158
,Lampasas County,TX,USA,21229
,La Salle County,TX,USA,7531
,Lee County,TX,USA,17144
,Leon County,TX,USA,17270
,Liberty County,TX,USA,86323
,Limestone County,TX,USA,23519
,Lipscomb County,TX,USA,3355
,Live Oak County,TX,USA,12166
,Llano County,TX,USA,21646
,Loving County,TX,USA,152
,Lynn County,TX,USA,5877
,McCulloch County,TX,USA,7987
,McMullen County,TX,USA,749
,Madison County,TX,USA,14422
,Marion County,TX,USA,9928
,Martin County,TX,USA,5753
,Mason County,TX,USA,4280
,Maverick County,TX,USA,58485
,Menard County,TX,USA,2139
,Milam County,TX,USA,25131
,Mills County,TX,USA,4921
,Mitchell County,TX,USA,8145
,Montague County,TX,USA,19596
,Moore County,TX,USA,21485
,Morris County,TX,USA,12339
,Motley County,TX,USA,1234
,Nacogdoches County,TX,USA,65711
,Navarro County,TX,USA,49565
,Newton County,TX,USA,13746
,Nolan County,TX,USA,14751
,Ochiltree County,TX,USA,9947
,Orange County,TX,USA,83572
,Palo Pinto County,TX,USA,28875
,Panola County,TX,USA,23148
,Parmer County,TX,USA,9864
,Pecos County,TX,USA,15673
,Polk County,TX,USA,50031
,Presidio County,TX,USA,6948
,Rains County,TX,USA,12159
,Randall County,TX,USA,136271
,Reagan County,TX,USA,3741
,Real County,TX,USA,3478
,Red River County,TX,USA,12175
,Reeves County,TX,USA,15695
,Refugio County,TX,USA,7032
,Roberts County,TX,USA,903
,Robertson County,TX,USA,17284
,Rockwall County,TX,USA,100657
,Runnels County,TX,USA,10234
,Sabine County,TX,USA,10589
,San Augustine County,TX,USA,8232
,San Jacinto County,TX,USA,28719
,San Patricio County,TX,USA,66893
,San Saba County,TX,USA,6054
,Schleicher County,TX,USA,2895
,Scurry County,TX,USA,16866
,Shackelford County,TX,USA,3253
,Shelby County,TX,USA,25418
,Sherman County,TX,USA,3079
,Somervell County,TX,USA,9016
,Starr County,TX,USA,64525
,Stephens County,TX,USA,9433
,Sterling County,TX,USA,1311
,Stonewall County,TX,USA,1362
,Sutton County,TX,USA,3758
,Swisher County,TX,USA,7462
,Taylor County,TX,USA,137640
,Terrell County,TX,USA,823
,Terry County,TX,USA,12287
,Throckmorton County,TX,USA,1515
,Titus County,TX,USA,33033
,Tom Green County,TX,USA,118189
,Trinity County,TX,USA,14740
,Tyler County,TX,USA,21696
,Upshur County,TX,USA,41260
,Upton County,TX,USA,3671
,Uvalde County,TX,USA,26846
,Val Verde County,TX,USA,49208
,Van Zandt County,TX,USA,56019
,Victoria County,TX,USA,92035
,Walker County,TX,USA,72480
,Waller County,TX,USA,53126
,Ward County,TX,USA,11720
,Washington County,TX,USA,35108
,Wharton County,TX,USA,41619
,Wheeler County,TX,USA,5191
,Wilbarger County,TX,USA,12820
,Willacy County,TX,USA,21515
,Wilson County,TX,USA,50224
,Winkler County,TX,USA,7720
,Wise County,TX,USA,68305
,Wood County,TX,USA,45129
,Yoakum County,TX,USA,8591
,Young County,TX,USA,18045
,Zapata County,TX,USA,14190
,Zavala County,TX,USA,11983
Bear River County,,UT,USA,
,Davis County,UT,USA,351713
,Salt Lake County,UT,USA,1152633
,San Juan County,UT,USA,15449
,Summit County,UT,USA,41933
,Tooele County,UT,USA,69907
,Uintah County,UT,USA,35438
,Duchesne County,UT,USA,19964
,Daggett County,UT,USA,980
,Utah County,UT,USA,622213
,Wasatch County,UT,USA,33240
,Weber County,UT,USA,256359
,Morgan County,UT,USA,12045
,Beaver County,UT,USA,6580
,Box Elder County,UT,USA,54950
,Cache County,UT,USA,127068
,Carbon County,UT,USA,20269
,Emery County,UT,USA,10014
,Garfield County,UT,USA,5080
,Grand County,UT,USA,9764
,Iron County,UT,USA,52775
,Juab County,UT,USA,11555
,Kane County,UT,USA,7709
,Millard County,UT,USA,13006
,Piute County,UT,USA,1445
,Rich County,UT,USA,2464
,Sanpete County,UT,USA,30623
,Sevier County,UT,USA,21539
,Washington County,UT,USA,171700
,Wayne County,UT,USA,2690
,Accomack County,VA,USA,32412
,Albemarle County,VA,USA,108718
,Alexandria city,VA,USA,160530
,Alleghany County,VA,USA,14910
,Amelia County,VA,USA,13013
,Amherst County,VA,USA,31666
,Appomattox County,VA,USA,15841
,Arlington County,VA,USA,237521
,Augusta County,VA,USA,75457
,Bath County,VA,USA,4292
,Bedford County,VA,USA,78747
,Bland County,VA,USA,6293
,Botetourt County,VA,USA,33277
,Bristol city,VA,USA,16482
,Brunswick County,VA,USA,16384
,Buchanan County,VA,USA,21221
,Buckingham County,VA,USA,16999
,Buena Vista city,VA,USA,6237
,Campbell County,VA,USA,54973
,Caroline County,VA,USA,30772
,Carroll County,VA,USA,29636
,Charles City County,VA,USA,6941
,Charlotte County,VA,USA,11938
,Charlottesville city,VA,USA,48117
,Chesapeake city,VA,USA,242634
,Chesterfield County,VA,USA,348556
,Clarke County,VA,USA,14523
,Colonial Heights city,VA,USA,17833
,Covington city,VA,USA,5460
,Craig County,VA,USA,5064
,Culpeper County,VA,USA,51859
,Cumberland County,VA,USA,9809
,Danville city,VA,USA,40693
,Dickenson County,VA,USA,14523
,Dinwiddie County,VA,USA,28529
,Emporia city,VA,USA,5121
,Essex County,VA,USA,10919
,Fairfax city,VA,USA,24574
,Fairfax County,VA,USA,1150795
,Falls Church city,VA,USA,14772
,Fauquier County,VA,USA,70675
,Floyd County,VA,USA,15795
,Fluvanna County,VA,USA,26783
,Franklin city,VA,USA,8013
,Franklin County,VA,USA,56195
,Frederick County,VA,USA,88355
,Fredericksburg city,VA,USA,29144
,Galax city,VA,USA,6423
,Giles County,VA,USA,16844
,Gloucester County,VA,USA,37349
,Goochland County,VA,USA,23244
,Grayson County,VA,USA,15631
,Greene County,VA,USA,19779
,Greensville County,VA,USA,11627
,Halifax County,VA,USA,34120
,Hampton city,VA,USA,134313
,Hanover County,VA,USA,107239
,Harrisonburg city,VA,USA,54033
,Henrico County,VA,USA,329261
,Henry County,VA,USA,50953
,Highland County,VA,USA,2210
,Hopewell city,VA,USA,22596
,Isle of Wight County,VA,USA,36953
,James City County,VA,USA,76397
,King and Queen County,VA,USA,7042
,King George County,VA,USA,26575
,King William County,VA,USA,16939
,Lancaster County,VA,USA,10783
,Lee County,VA,USA,23541
,Lexington city,VA,USA,7136
,Loudoun County,VA,USA,406850
,Louisa County,VA,USA,36778
,Lunenburg County,VA,USA,12086
,Madison County,VA,USA,13295
,Manassas city,VA,USA,41641
,Manassas Park city,VA,USA,17307
,Martinsville city,VA,USA,12902
,Mathews County,VA,USA,8802
,Mecklenburg County,VA,USA,30650
,Middlesex County,VA,USA,10769
,Montgomery County,VA,USA,98985
,Nelson County,VA,USA,14836
,New Kent County,VA,USA,22391
,Newport News city,VA,USA,178626
,Norfolk County,VA,USA,244076
,Northampton County,VA,USA,11735
,Northumberland County,VA,USA,12147
,Norton city,VA,USA,3968
,Nottoway County,VA,USA,15420
,Orange County,VA,USA,36644
,Page County,VA,USA,23933
,Patrick County,VA,USA,17673
,Petersburg city,VA,USA,31567
,Pittsylvania County,VA,USA,60949
,Poquoson city,VA,USA,12190
,Portsmouth city,VA,USA,94632
,Powhatan County,VA,USA,29189
,Prince Edward County,VA,USA,22950
,Prince George County,VA,USA,38082
,Prince William County,VA,USA,468011
,Pulaski County,VA,USA,34066
,Radford city,VA,USA,18339
,Rappahannock County,VA,USA,7252
,Richmond city,VA,USA,228783
,Richmond County,VA,USA,9038
,Roanoke city,VA,USA,99920
,Roanoke County,VA,USA,94073
,Rockbridge County,VA,USA,22752
,Rockingham County,VA,USA,81244
,Russell County,VA,USA,26748
,Salem city,VA,USA,25643
,Scott County,VA,USA,21534
,Shenandoah County,VA,USA,43497
,Smyth County,VA,USA,30472
,Southampton County,VA,USA,17586
,Spotsylvania County,VA,USA,134238
,Stafford County,VA,USA,149960
,Staunton city,VA,USA,24922
,Suffolk city,VA,USA,91185
,Surry County,VA,USA,6474
,Sussex County,VA,USA,11237
,Tazewell County,VA,USA,40855
,Virginia Beach city,VA,USA,450189
,Warren County,VA,USA,40003
,Washington County,VA,USA,54402
,Waynesboro city,VA,USA,22628
,Westmoreland County,VA,USA,17830
,Williamsburg city,VA,USA,14896
,Winchester city,VA,USA,28108
,Wise County,VA,USA,38012
,Wythe County,VA,USA,28754
,York County,VA,USA,67846
,Adams County,WA,USA,19759
,Benton County,WA,USA,201877
,Chelan County,WA,USA,77036
,Clallam County,WA,USA,76737
,Clark County,WA,USA,481857
,Columbia County,WA,USA,4059
,Cowlitz County,WA,USA,108987
,Douglas County,WA,USA,42907
,Franklin County,WA,USA,94347
,Grant County,WA,USA,97331
,Grays Harbor County,WA,USA,73901
,Island County,WA,USA,84460
,Jefferson County,WA,USA,31729
,King County,WA,USA,2233163
,Kitsap County,WA,USA,269805
,Kittitas County,WA,USA,47364
,Klickitat County,WA,USA,22107
,Lewis County,WA,USA,79604
,Lincoln County,WA,USA,10740
,Mason County,WA,USA,65507
,Pierce County,WA,USA,891299
,San Juan County,WA,USA,17128
,Skagit County,WA,USA,128206
,Snohomish County,WA,USA,814901
,Spokane County,WA,USA,514631
,Stevens County,WA,USA,45260
,Thurston County,WA,USA,286419
,Walla Walla County,WA,USA,60922
,Whatcom County,WA,USA,225685
,Whitman County,WA,USA,49791
,Yakima County,WA,USA,251446
,(unassigned),WA,USA,
,Skamania County,WA,USA,11924
,Wahkiakum County,WA,USA,4426
,Garfield County,WA,USA,2247
,Asotin County,WA,USA,22610
,Ferry County,WA,USA,7649
,Okanogan County,WA,USA,42132
,Pacific County,WA,USA,22036
,Pend Oreille County,WA,USA,13602
,Bayfield County,WI,USA,15042
,Brown County,WI,USA,263378
,Calumet County,WI,USA,50159
,Chippewa County,WI,USA,64135
,Columbia County,WI,USA,57358
,Dane County,WI,USA,542364
,Dodge County,WI,USA,87847
,Douglas County,WI,USA,43208
,Dunn County,WI,USA,45131
,Eau Claire County,WI,USA,104534
,Fond du Lac County,WI,USA,103066
,Green County,WI,USA,36929
,Jefferson County,WI,USA,85129
,Kenosha County,WI,USA,169290
,La Crosse County,WI,USA,118230
,Marathon County,WI,USA,135428
,Milwaukee County,WI,USA,948201
,Outagamie County,WI,USA,187365
,Ozaukee County,WI,USA,89147
,Pierce County,WI,USA,42555
,Racine County,WI,USA,196584
,Rock County,WI,USA,163129
,Sauk County,WI,USA,64249
,Sheboygan County,WI,USA,115456
,St. Croix County,WI,USA,89694
,Walworth County,WI,USA,103718
,Washington County,WI,USA,135693
,Waukesha County,WI,USA,403072
,Winnebago County,WI,USA,171020
,Wood County,WI,USA,73055
,Adams County,WI,USA,20348
,Ashland County,WI,USA,15600
,Barron County,WI,USA,45164
,Buffalo County,WI,USA,13125
,Burnett County,WI,USA,15392
,Clark County,WI,USA,34709
,Crawford County,WI,USA,16291
,Door County,WI,USA,27610
,Florence County,WI,USA,4321
,Forest County,WI,USA,8991
,Grant County,WI,USA,51554
,Green Lake County,WI,USA,18918
,Iowa County,WI,USA,23771
,Iron County,WI,USA,5676
,Jackson County,WI,USA,20478
,Juneau County,WI,USA,26617
,Kewaunee County,WI,USA,20383
,Lafayette County,WI,USA,16665
,Langlade County,WI,USA,19268
,Lincoln County,WI,USA,27689
,Manitowoc County,WI,USA,79074
,Marinette County,WI,USA,40434
,Marquette County,WI,USA,15434
,Menominee County,WI,USA,4658
,Monroe County,WI,USA,46051
,Oconto County,WI,USA,37830
,Oneida County,WI,USA,35470
,Pepin County,WI,USA,7289
,Polk County,WI,USA,43598
,Portage County,WI,USA,70942
,Price County,WI,USA,13397
,Richland County,WI,USA,17377
,Rusk County,WI,USA,14147
,Sawyer County,WI,USA,16489
,Shawano County,WI,USA,40796
,Taylor County,WI,USA,20412
,Trempealeau County,WI,USA,29442
,Vernon County,WI,USA,30785
,Vilas County,WI,USA,21938
,Washburn County,WI,USA,15878
,Waupaca County,WI,USA,51128
,Waushara County,WI,USA,24263
,Jackson County,WV,USA,28706
,Jefferson County,WV,USA,56811
,Kanawha County,WV,USA,180454
,Marshall County,WV,USA,30785
,Mercer County,WV,USA,59131
,Monongalia County,WV,USA,106420
,Putnam County,WV,USA,56682
,Tucker County,WV,USA,6955
,Barbour County,WV,USA,16535
,Berkeley County,WV,USA,117123
,Boone County,WV,USA,21951
,Braxton County,WV,USA,14089
,Brooke County,WV,USA,22203
,Cabell County,WV,USA,93224
,Calhoun County,WV,USA,7254
,Clay County,WV,USA,8632
,Doddridge County,WV,USA,8406
,Fayette County,WV,USA,43018
,Gilmer County,WV,USA,8026
,Grant County,WV,USA,11626
,Greenbrier County,WV,USA,34786
,Hampshire County,WV,USA,23347
,Hancock County,WV,USA,29094
,Hardy County,WV,USA,13775
,Harrison County,WV,USA,67554
,Lewis County,WV,USA,16024
,Lincoln County,WV,USA,20599
,Logan County,WV,USA,32607
,McDowell County,WV,USA,18223
,Marion County,WV,USA,56097
,Mason County,WV,USA,26718
,Mineral County,WV,USA,26940
,Mingo County,WV,USA,23785
,Monroe County,WV,USA,13280
,Morgan County,WV,USA,17787
,Nicholas County,WV,USA,24842
,Ohio County,WV,USA,41755
,Pendleton County,WV,USA,6997
,Pleasants County,WV,USA,7507
,Pocahontas County,WV,USA,8414
,Preston County,WV,USA,33839
,Raleigh County,WV,USA,74254
,Randolph County,WV,USA,28823
,Ritchie County,WV,USA,9721
,Roane County,WV,USA,13932
,Summers County,WV,USA,12760
,Taylor County,WV,USA,16862
,Tyler County,WV,USA,8746
,Upshur County,WV,USA,24415
,Wayne County,WV,USA,39944
,Webster County,WV,USA,8285
,Wetzel County,WV,USA,15270
,Wirt County,WV,USA,5830
,Wood County,WV,USA,84203
,Wyoming County,WV,USA,20786
,Albany County,WY,USA,38601
,Big Horn County,WY,USA,11881
,Campbell County,WY,USA,46140
,Carbon County,WY,USA,14971
,Converse County,WY,USA,13640
,Crook County,WY,USA,7450
,Fremont County,WY,USA,39531
,Goshen County,WY,USA,13376
,Hot Springs County,WY,USA,4555
,Johnson County,WY,USA,8460
,Laramie County,WY,USA,98976
,Lincoln County,WY,USA,19434
,Natrona County,WY,USA,79115
,Niobrara County,WY,USA,2388
,Park County,WY,USA,29324
,Platte County,WY,USA,8566
,Sheridan County,WY,USA,30233
,Sublette County,WY,USA,9813
,Sweetwater County,WY,USA,43051
,Teton County,WY,USA,23081
,Uinta County,WY,USA,20299
,Washakie County,WY,USA,7885
,Weston County,WY,USA,6967
